===== version_test.sh =====
rabadon version lockstep

  ok   - the tree agrees with itself: checked 4 platform package(s), 3 version.h includer(s), against 0.2.3
  ok   - mutating package.json (bumped alone) is caught, and named: DRIFT native/version.h: RABADON_VERSION "0.2.3" != package.json 9.9.9
  ok   - mutating native/version.h is caught, and named: DRIFT native/version.h: RABADON_VERSION "9.9.9" != package.json 0.2.3
  ok   - mutating one npm platform package is caught, and named: DRIFT npm/darwin-arm64/package.json: version '9.9.9' != package.json 0.2.3
  ok   - mutating an optionalDependencies pin is caught, and named: DRIFT optionalDependencies["@rabadon/darwin-arm64"]: '9.9.9' != package.json 0.2.3
  ok   - mutating the Makefile prerequisite on version.h is caught, and named: DRIFT Makefile: native/rabadon-budget includes version.h but does not list it as a prerequisite 
  ok   - mutating a hardcoded version banner in a source is caught, and named: DRIFT native/budget.cpp:203: hardcoded version banner: "rabadon-budget 9.9.9"
  ok   - mutating a version typed into the docs is caught, and named: DRIFT docs/quickstart.md:197: a version typed into prose (0.1.9) — nothing bumps it, so it can
  ok   - mutating removing the docs the sweep reads is caught, and named: DRIFT the docs sweep read only 0 bytes across 0 file(s) — it is not reading the docs
  ok   - a binary announcing a version nobody else says is caught, and quoted back
  ok   - an unbuilt tree is reported, not read as agreement
  ok   - make rebuilds 3 binaries when version.h changes (was: 'up to date')
  ok   - the arm left the tree exactly as it found it (version.h mtime restored)

version: 13 passed, 0 failed
----- version_test.sh exit: 0 -----
===== cli_test.sh =====
cli: the stranger's first sixty seconds
  ok   - `rabadon --help` exits 0
  ok   - `rabadon --help` does not say 'unknown command'
  ok   - `rabadon --help` shows a runnable example
  ok   - `rabadon -h` exits 0
  ok   - `rabadon -h` does not say 'unknown command'
  ok   - `rabadon -h` shows a runnable example
  ok   - `rabadon help` exits 0
  ok   - `rabadon help` does not say 'unknown command'
  ok   - `rabadon help` shows a runnable example
  ok   - the verb probe found 19 shipped binaries to account for
  ok   - every `nbin` call in rabadon-cli.sh was traced back to a verb (19 binaries)
  ok   - the help screen was captured (1220 bytes) to check verbs against
  ok   - `rabadon dev --help` was captured (2743 bytes) — the second half of the discoverability check has something to read
  ok   - `rabadon audit` reaches rabadon-audit
  ok   - the help screen lists `audit` for rabadon-audit
  ok   - `rabadon audit --help` lands on rabadon-audit
  ok   - `rabadon audit --help` exits 0, no 'unknown command'
  ok   - `rabadon budget` reaches rabadon-budget
  ok   - the help screen lists `budget` for rabadon-budget
  ok   - `rabadon budget --help` lands on rabadon-budget
  ok   - `rabadon budget --help` exits 0, no 'unknown command'
  ok   - `rabadon claims` reaches rabadon-claims
  ok   - the help screen lists `claims` for rabadon-claims
  ok   - `rabadon claims --help` lands on rabadon-claims
  ok   - `rabadon claims --help` exits 0, no 'unknown command'
  ok   - `rabadon do` reaches rabadon-do
  ok   - the help screen lists `do` for rabadon-do
  ok   - `rabadon do --help` lands on rabadon-do
  ok   - `rabadon do --help` exits 0, no 'unknown command'
  ok   - `rabadon drift` reaches rabadon-drift
  ok   - the help screen lists `drift` for rabadon-drift
  ok   - `rabadon drift --help` lands on rabadon-drift
  ok   - `rabadon drift --help` exits 0, no 'unknown command'
  ok   - `rabadon export` reaches rabadon-export
  ok   - the help screen lists `export` for rabadon-export
  ok   - `rabadon export --help` lands on rabadon-export
  ok   - `rabadon export --help` exits 0, no 'unknown command'
  ok   - `rabadon toggle` reaches rabadon-gate
  ok   - the help screen lists `toggle` for rabadon-gate
  ok   - `rabadon toggle --help` lands on rabadon-gate
  ok   - `rabadon toggle --help` exits 0, no 'unknown command'
  ok   - `rabadon gated` reaches rabadon-gated
  ok   - the help screen lists `gated` for rabadon-gated
  ok   - `rabadon gated --help` lands on rabadon-gated
  ok   - `rabadon gated --help` exits 0, no 'unknown command'
  ok   - `rabadon lens` reaches rabadon-lens
  ok   - the help screen lists `lens` for rabadon-lens
  ok   - `rabadon lens --help` lands on rabadon-lens
  ok   - `rabadon lens --help` exits 0, no 'unknown command'
  ok   - `rabadon net` reaches rabadon-net
  ok   - the help screen lists `net` for rabadon-net
  ok   - `rabadon net --help` lands on rabadon-net
  ok   - `rabadon net --help` exits 0, no 'unknown command'
  ok   - `rabadon loop` reaches rabadon-pipeline
  ok   - the help screen lists `loop` for rabadon-pipeline
  ok   - `rabadon loop --help` lands on rabadon-pipeline
  ok   - `rabadon loop --help` exits 0, no 'unknown command'
  ok   - `rabadon repair` reaches rabadon-repair
  ok   - the help screen lists `repair` for rabadon-repair
  ok   - `rabadon repair --help` lands on rabadon-repair
  ok   - `rabadon repair --help` exits 0, no 'unknown command'
  ok   - `rabadon run` reaches rabadon-run
  ok   - the help screen lists `run` for rabadon-run
  ok   - `rabadon run --help` lands on rabadon-run
  ok   - `rabadon run --help` exits 0, no 'unknown command'
  ok   - `rabadon exec` reaches rabadon-sandbox
  ok   - the help screen lists `exec` for rabadon-sandbox
  ok   - `rabadon sandbox --help` lands on rabadon-sandbox
  ok   - `rabadon sandbox --help` exits 0, no 'unknown command'
  ok   - `rabadon serve` reaches rabadon-serve
  ok   - the help screen lists `serve` for rabadon-serve
  ok   - `rabadon serve --help` lands on rabadon-serve
  ok   - `rabadon serve --help` exits 0, no 'unknown command'
  ok   - `rabadon stats` reaches rabadon-stats
  ok   - the help screen lists `stats` for rabadon-stats
  ok   - `rabadon stats --help` lands on rabadon-stats
  ok   - `rabadon stats --help` exits 0, no 'unknown command'
  ok   - `rabadon trace` reaches rabadon-trace
  ok   - the help screen lists `trace` for rabadon-trace
  ok   - `rabadon trace --help` lands on rabadon-trace
  ok   - `rabadon trace --help` exits 0, no 'unknown command'
  ok   - `rabadon truth` reaches rabadon-truth
  ok   - the help screen lists `truth` for rabadon-truth
  ok   - `rabadon truth --help` lands on rabadon-truth
  ok   - `rabadon truth --help` exits 0, no 'unknown command'
  ok   - `rabadon verify` reaches rabadon-verify
  ok   - the help screen lists `verify` for rabadon-verify
  ok   - `rabadon verify --help` lands on rabadon-verify
  ok   - `rabadon verify --help` exits 0, no 'unknown command'
  ok   - the main help screen was captured (1220 bytes) to count entries on
  ok   - the main help screen lists exactly 5 product commands
  ok   - the product commands are exactly {init, on|off, usage, repair, doctor}
  ok   - `version` and `dev` are listed separately, in that order, and are not counted as product commands
  ok   - the whole screen carries 7 command lines, nothing else
  ok   - a bare `rabadon` exits 0
  ok   - a bare `rabadon` did NOT change the enforce flag (watch -> watch)
  ok   - a bare `rabadon` prints the current mode
  ok   - it names the file the mode was read from
  ok   - a bare `rabadon` did NOT change the enforce flag (on -> on)
  ok   - it reports ON while ON
  ok   - `rabadon off` still turns it off
  ok   - `rabadon toggle` still flips it (the verb was kept, only the DEFAULT changed)
  ok   - `rabadon toggle` flips it back
  ok   - trace.cpp contains no Turkish characters
  ok   - no Turkish interface words remain in trace.cpp
  ok   - trace renders the synthetic run (1283 bytes of output to scan)
  ok   - the RENDERED trace contains no Turkish characters
  ok   - the rendered trace speaks English (says 'caught')
  ok   - `rabadon-trace` with no argument renders the whole day file (both runs present)
  ok   - `rabadon-trace alpha-r1` renders the run named on the command line
  ok   - `rabadon-trace alpha-r1` does NOT also print the other runs in the file
  ok   - `rabadon-trace no-such-run-anywhere` does not fall back to the default spool
  ok   - the newest day file does not contain the older run — the window claim is not free
  ok   - `rabadon-trace old-r1` finds a run written to an earlier day file
  ok   - `rabadon-trace --run old-r1` finds a run written to an earlier day file
  ok   - `--days 1` does not reach a two-day-old file — the window is a bound, not decoration
  ok   - `rabadon-trace no-such-run-anywhere` exits 1
  ok   - `rabadon-trace no-such-run-anywhere` names the run it could not find
  ok   - `rabadon-trace no-such-run-anywhere` writes nothing to stdout
  ok   - `rabadon-trace --run no-such-run-anywhere` exits 1
  ok   - `rabadon-trace --run no-such-run-anywhere` names the run it could not find
  ok   - `rabadon-trace --run no-such-run-anywhere` writes nothing to stdout
  ok   - a run that IS in the window still exits 0 with a report on stdout
  ok   - `rabadon-trace /no/such/file.jsonl` exits 1 with an empty stdout
  ok   - `rabadon-trace <dir> alpha-r1` reads that ledger and renders that run
  ok   - a third positional is refused (exit 2) and named back
  ok   - the help probe found 19 native binaries to interrogate
  ok   - `rabadon-audit --help` exits 0
  ok   - `rabadon-audit --help` names itself
  ok   - `rabadon-audit --help` stays under 10KB (667 bytes)
  ok   - `rabadon-audit -h` exits 0
  ok   - `rabadon-audit -h` names itself
  ok   - `rabadon-audit -h` stays under 10KB (667 bytes)
  ok   - `rabadon-audit --rabadon-no-such-flag` names the offending word back
  ok   - `rabadon-audit --rabadon-no-such-flag` printed no report on stdout
  ok   - `rabadon-audit --rabadon-no-such-flag` exits 2
  ok   - `rabadon-budget --help` exits 0
  ok   - `rabadon-budget --help` names itself
  ok   - `rabadon-budget --help` stays under 10KB (783 bytes)
  ok   - `rabadon-budget -h` exits 0
  ok   - `rabadon-budget -h` names itself
  ok   - `rabadon-budget -h` stays under 10KB (783 bytes)
  ok   - `rabadon-budget --rabadon-no-such-flag` names the offending word back
  ok   - `rabadon-budget --rabadon-no-such-flag` printed no report on stdout
  ok   - `rabadon-budget --rabadon-no-such-flag` exits 2
  ok   - `rabadon-claims --help` exits 0
  ok   - `rabadon-claims --help` names itself
  ok   - `rabadon-claims --help` stays under 10KB (889 bytes)
  ok   - `rabadon-claims -h` exits 0
  ok   - `rabadon-claims -h` names itself
  ok   - `rabadon-claims -h` stays under 10KB (889 bytes)
  ok   - `rabadon-claims --rabadon-no-such-flag` names the offending word back
  ok   - `rabadon-claims --rabadon-no-such-flag` printed no report on stdout
  ok   - `rabadon-claims --rabadon-no-such-flag` exits 2
  ok   - `rabadon-do --help` exits 0
  ok   - `rabadon-do --help` names itself
  ok   - `rabadon-do --help` stays under 10KB (693 bytes)
  ok   - `rabadon-do -h` exits 0
  ok   - `rabadon-do -h` names itself
  ok   - `rabadon-do -h` stays under 10KB (693 bytes)
  ok   - `rabadon-do --rabadon-no-such-flag` names the offending word back
  ok   - `rabadon-do --rabadon-no-such-flag` printed no report on stdout
  ok   - `rabadon-do --rabadon-no-such-flag` exits 2
  ok   - `rabadon-drift --help` exits 0
  ok   - `rabadon-drift --help` names itself
  ok   - `rabadon-drift --help` stays under 10KB (762 bytes)
  ok   - `rabadon-drift -h` exits 0
  ok   - `rabadon-drift -h` names itself
  ok   - `rabadon-drift -h` stays under 10KB (762 bytes)
  ok   - `rabadon-drift --rabadon-no-such-flag` names the offending word back
  ok   - `rabadon-drift --rabadon-no-such-flag` printed no report on stdout
  ok   - `rabadon-drift --rabadon-no-such-flag` fails OPEN, exit 0 — correct, a hook's non-zero exit means BLOCK
  ok   - `rabadon-export --help` exits 0
  ok   - `rabadon-export --help` names itself
  ok   - `rabadon-export --help` stays under 10KB (1734 bytes)
  ok   - `rabadon-export -h` exits 0
  ok   - `rabadon-export -h` names itself
  ok   - `rabadon-export -h` stays under 10KB (1734 bytes)
  ok   - `rabadon-export --rabadon-no-such-flag` names the offending word back
  ok   - `rabadon-export --rabadon-no-such-flag` printed no report on stdout
  ok   - `rabadon-export --rabadon-no-such-flag` exits 2
  ok   - `rabadon-gate --help` exits 0
  ok   - `rabadon-gate --help` names itself
  ok   - `rabadon-gate --help` stays under 10KB (1200 bytes)
  ok   - `rabadon-gate -h` exits 0
  ok   - `rabadon-gate -h` names itself
  ok   - `rabadon-gate -h` stays under 10KB (1200 bytes)
  ok   - `rabadon-gate --rabadon-no-such-flag` names the offending word back
  ok   - `rabadon-gate --rabadon-no-such-flag` printed no report on stdout
  ok   - `rabadon-gate --rabadon-no-such-flag` fails OPEN, exit 0 — correct, a hook's non-zero exit means BLOCK
  ok   - `rabadon-gated --help` exits 0
  ok   - `rabadon-gated --help` names itself
  ok   - `rabadon-gated --help` stays under 10KB (1181 bytes)
  ok   - `rabadon-gated -h` exits 0
  ok   - `rabadon-gated -h` names itself
  ok   - `rabadon-gated -h` stays under 10KB (1181 bytes)
  ok   - `rabadon-gated --rabadon-no-such-flag` names the offending word back
  ok   - `rabadon-gated --rabadon-no-such-flag` printed no report on stdout
  ok   - `rabadon-gated --rabadon-no-such-flag` exits 2
  ok   - `rabadon-lens --help` exits 0
  ok   - `rabadon-lens --help` names itself
  ok   - `rabadon-lens --help` stays under 10KB (563 bytes)
  ok   - `rabadon-lens -h` exits 0
  ok   - `rabadon-lens -h` names itself
  ok   - `rabadon-lens -h` stays under 10KB (563 bytes)
  ok   - `rabadon-lens --rabadon-no-such-flag` names the offending word back
  ok   - `rabadon-lens --rabadon-no-such-flag` printed no report on stdout
  ok   - `rabadon-lens --rabadon-no-such-flag` exits 2
  ok   - `rabadon-net --help` exits 0
  ok   - `rabadon-net --help` names itself
  ok   - `rabadon-net --help` stays under 10KB (654 bytes)
  ok   - `rabadon-net -h` exits 0
  ok   - `rabadon-net -h` names itself
  ok   - `rabadon-net -h` stays under 10KB (654 bytes)
  ok   - `rabadon-net --rabadon-no-such-flag` names the offending word back
  ok   - `rabadon-net --rabadon-no-such-flag` printed no report on stdout
  ok   - `rabadon-net --rabadon-no-such-flag` exits 2
  ok   - `rabadon-pipeline --help` exits 0
  ok   - `rabadon-pipeline --help` names itself
  ok   - `rabadon-pipeline --help` stays under 10KB (948 bytes)
  ok   - `rabadon-pipeline -h` exits 0
  ok   - `rabadon-pipeline -h` names itself
  ok   - `rabadon-pipeline -h` stays under 10KB (948 bytes)
  ok   - `rabadon-pipeline --rabadon-no-such-flag` names the offending word back
  ok   - `rabadon-pipeline --rabadon-no-such-flag` printed no report on stdout
  ok   - `rabadon-pipeline --rabadon-no-such-flag` exits 2
  ok   - `rabadon-repair --help` exits 0
  ok   - `rabadon-repair --help` names itself
  ok   - `rabadon-repair --help` stays under 10KB (1418 bytes)
  ok   - `rabadon-repair -h` exits 0
  ok   - `rabadon-repair -h` names itself
  ok   - `rabadon-repair -h` stays under 10KB (1418 bytes)
  ok   - `rabadon-repair --rabadon-no-such-flag` names the offending word back
  ok   - `rabadon-repair --rabadon-no-such-flag` printed no report on stdout
  ok   - `rabadon-repair --rabadon-no-such-flag` exits 2
  ok   - `rabadon-run --help` exits 0
  ok   - `rabadon-run --help` names itself
  ok   - `rabadon-run --help` stays under 10KB (1234 bytes)
  ok   - `rabadon-run -h` exits 0
  ok   - `rabadon-run -h` names itself
  ok   - `rabadon-run -h` stays under 10KB (1234 bytes)
  ok   - `rabadon-run --rabadon-no-such-flag` names the offending word back
  ok   - `rabadon-run --rabadon-no-such-flag` printed no report on stdout
  ok   - `rabadon-run --rabadon-no-such-flag` exits 2
  ok   - `rabadon-sandbox --help` exits 0
  ok   - `rabadon-sandbox --help` names itself
  ok   - `rabadon-sandbox --help` stays under 10KB (847 bytes)
  ok   - `rabadon-sandbox -h` exits 0
  ok   - `rabadon-sandbox -h` names itself
  ok   - `rabadon-sandbox -h` stays under 10KB (847 bytes)
  ok   - `rabadon-sandbox --rabadon-no-such-flag` names the offending word back
  ok   - `rabadon-sandbox --rabadon-no-such-flag` printed no report on stdout
  ok   - `rabadon-sandbox --rabadon-no-such-flag` exits 2
  ok   - `rabadon-serve --help` exits 0
  ok   - `rabadon-serve --help` names itself
  ok   - `rabadon-serve --help` stays under 10KB (785 bytes)
  ok   - `rabadon-serve -h` exits 0
  ok   - `rabadon-serve -h` names itself
  ok   - `rabadon-serve -h` stays under 10KB (785 bytes)
  ok   - `rabadon-serve --rabadon-no-such-flag` names the offending word back
  ok   - `rabadon-serve --rabadon-no-such-flag` printed no report on stdout
  ok   - `rabadon-serve --rabadon-no-such-flag` exits 2
  ok   - `rabadon-stats --help` exits 0
  ok   - `rabadon-stats --help` names itself
  ok   - `rabadon-stats --help` stays under 10KB (1034 bytes)
  ok   - `rabadon-stats -h` exits 0
  ok   - `rabadon-stats -h` names itself
  ok   - `rabadon-stats -h` stays under 10KB (1034 bytes)
  ok   - `rabadon-stats --rabadon-no-such-flag` names the offending word back
  ok   - `rabadon-stats --rabadon-no-such-flag` printed no report on stdout
  ok   - `rabadon-stats --rabadon-no-such-flag` exits 2
  ok   - `rabadon-trace --help` exits 0
  ok   - `rabadon-trace --help` names itself
  ok   - `rabadon-trace --help` stays under 10KB (1165 bytes)
  ok   - `rabadon-trace -h` exits 0
  ok   - `rabadon-trace -h` names itself
  ok   - `rabadon-trace -h` stays under 10KB (1165 bytes)
  ok   - `rabadon-trace --rabadon-no-such-flag` names the offending word back
  ok   - `rabadon-trace --rabadon-no-such-flag` printed no report on stdout
  ok   - `rabadon-trace --rabadon-no-such-flag` exits 2
  ok   - `rabadon-truth --help` exits 0
  ok   - `rabadon-truth --help` names itself
  ok   - `rabadon-truth --help` stays under 10KB (774 bytes)
  ok   - `rabadon-truth -h` exits 0
  ok   - `rabadon-truth -h` names itself
  ok   - `rabadon-truth -h` stays under 10KB (774 bytes)
  ok   - `rabadon-truth --rabadon-no-such-flag` names the offending word back
  ok   - `rabadon-truth --rabadon-no-such-flag` printed no report on stdout
  ok   - `rabadon-truth --rabadon-no-such-flag` exits 2
  ok   - `rabadon-verify --help` exits 0
  ok   - `rabadon-verify --help` names itself
  ok   - `rabadon-verify --help` stays under 10KB (942 bytes)
  ok   - `rabadon-verify -h` exits 0
  ok   - `rabadon-verify -h` names itself
  ok   - `rabadon-verify -h` stays under 10KB (942 bytes)
  ok   - `rabadon-verify --rabadon-no-such-flag` names the offending word back
  ok   - `rabadon-verify --rabadon-no-such-flag` printed no report on stdout
  ok   - `rabadon-verify --rabadon-no-such-flag` exits 2
  ok   - the dispatcher's case list parsed to 37 advertisable verbs to check against
  ok   - an unrecognised verb exits 1
  ok   - the message quotes the word it did not understand
  ok   - the message offers a command list (37 verbs parsed out of it)
  ok   - the message names the whole `seeing what happened` half: usage lens report trace audit replay drill export
  ok   - the message advertises none of the undocumented verbs: guard fleet spin pack statusline
  ok   - the message's verb set equals the dispatcher's case list (37 verbs)
  ok   - `rabadon help` lists 41 verbs to check the message against
  ok   - every verb the message offers is named in `rabadon help`, docs/ or README.md
  ok   - `rabadon usag` suggests `usage`: did you mean: usage?
  ok   - the correction is a near match, not the whole list
  ok   - `rabadon '*'` is echoed back verbatim
  ok   - `rabadon '*'` treats it as data, not a pattern
  ok   - `rabadon 'ex$(id)'` is echoed back verbatim
  ok   - `rabadon 'ex$(id)'` treats it as data, not code
  ok   - bin/rabadon.mjs implements 15 verbs that must still route
  ok   - every verb bin/rabadon.mjs implements still has an arm: do doctor exec fleet guard init off on pack spin stats statusline ui usage watch
cli: 315 passed, 0 failed
----- cli_test.sh exit: 0 -----
===== status_truth_test.sh =====
status truth: what the CLI claims vs what the real gate does

  ok   - [mode=watch projoff=no RABADON_OFF=no silent=no] status — claim WATCH, gate exit 0 / 296 bytes (matches WATCH)
  ok   - [mode=watch projoff=no RABADON_OFF=no silent=no] status/lamp — status says WATCH and the lamp says "watch"
  ok   - [mode=watch projoff=no RABADON_OFF=no silent=no] after `rabadon on` — claim ON, gate exit 2 / 399 bytes (matches ENFORCE)
  ok   - [mode=watch projoff=no RABADON_OFF=no silent=no] after `rabadon off` — claim WATCH, gate exit 0 / 296 bytes (matches WATCH)
  ok   - [mode=watch projoff=no RABADON_OFF=no silent=yes] status — claim SILENT, gate exit 0 / 0 bytes (matches SILENT)
  ok   - [mode=watch projoff=no RABADON_OFF=no silent=yes] status/lamp — status says SILENT and the lamp says "off"
  ok   - [mode=watch projoff=no RABADON_OFF=no silent=yes] status/4.8 silent — the screen names silent, where it is, and the one command that lifts it
  ok   - [mode=watch projoff=no RABADON_OFF=no silent=yes] after `rabadon on` — claim ON, gate exit 2 / 399 bytes (matches ENFORCE)
  ok   - [mode=watch projoff=no RABADON_OFF=no silent=yes] after `rabadon off` — claim WATCH, gate exit 0 / 296 bytes (matches WATCH)
  ok   - [mode=watch projoff=no RABADON_OFF=yes silent=no] status — claim SILENT, gate exit 0 / 0 bytes (matches SILENT)
  ok   - [mode=watch projoff=no RABADON_OFF=yes silent=no] status/lamp — status says SILENT and the lamp says "off"
  ok   - [mode=watch projoff=no RABADON_OFF=yes silent=no] status/4.8 env — the screen names RABADON_OFF, where it is, and the one command that lifts it
  ok   - [mode=watch projoff=no RABADON_OFF=yes silent=no] after `rabadon on` — claim SILENT, gate exit 0 / 0 bytes (matches SILENT)
  ok   - [mode=watch projoff=no RABADON_OFF=yes silent=no] after `rabadon off` — claim SILENT, gate exit 0 / 0 bytes (matches SILENT)
  ok   - [mode=watch projoff=no RABADON_OFF=yes silent=yes] status — claim SILENT, gate exit 0 / 0 bytes (matches SILENT)
  ok   - [mode=watch projoff=no RABADON_OFF=yes silent=yes] status/lamp — status says SILENT and the lamp says "off"
  ok   - [mode=watch projoff=no RABADON_OFF=yes silent=yes] status/4.8 env — the screen names RABADON_OFF, where it is, and the one command that lifts it
  ok   - [mode=watch projoff=no RABADON_OFF=yes silent=yes] status/4.8 silent — the screen names silent, where it is, and the one command that lifts it
  ok   - [mode=watch projoff=no RABADON_OFF=yes silent=yes] after `rabadon on` — claim SILENT, gate exit 0 / 0 bytes (matches SILENT)
  ok   - [mode=watch projoff=no RABADON_OFF=yes silent=yes] after `rabadon off` — claim SILENT, gate exit 0 / 0 bytes (matches SILENT)
  ok   - [mode=watch projoff=yes RABADON_OFF=no silent=no] status — claim SILENT, gate exit 0 / 0 bytes (matches SILENT)
  ok   - [mode=watch projoff=yes RABADON_OFF=no silent=no] status/lamp — status says SILENT and the lamp says "off"
  ok   - [mode=watch projoff=yes RABADON_OFF=no silent=no] status/4.8 project — the screen names .rabadon/off, where it is, and the one command that lifts it
  ok   - [mode=watch projoff=yes RABADON_OFF=no silent=no] after `rabadon on` — claim SILENT, gate exit 0 / 0 bytes (matches SILENT)
  ok   - [mode=watch projoff=yes RABADON_OFF=no silent=no] after `rabadon off` — claim SILENT, gate exit 0 / 0 bytes (matches SILENT)
  ok   - [mode=watch projoff=yes RABADON_OFF=no silent=yes] status — claim SILENT, gate exit 0 / 0 bytes (matches SILENT)
  ok   - [mode=watch projoff=yes RABADON_OFF=no silent=yes] status/lamp — status says SILENT and the lamp says "off"
  ok   - [mode=watch projoff=yes RABADON_OFF=no silent=yes] status/4.8 project — the screen names .rabadon/off, where it is, and the one command that lifts it
  ok   - [mode=watch projoff=yes RABADON_OFF=no silent=yes] status/4.8 silent — the screen names silent, where it is, and the one command that lifts it
  ok   - [mode=watch projoff=yes RABADON_OFF=no silent=yes] after `rabadon on` — claim SILENT, gate exit 0 / 0 bytes (matches SILENT)
  ok   - [mode=watch projoff=yes RABADON_OFF=no silent=yes] after `rabadon off` — claim SILENT, gate exit 0 / 0 bytes (matches SILENT)
  ok   - [mode=watch projoff=yes RABADON_OFF=yes silent=no] status — claim SILENT, gate exit 0 / 0 bytes (matches SILENT)
  ok   - [mode=watch projoff=yes RABADON_OFF=yes silent=no] status/lamp — status says SILENT and the lamp says "off"
  ok   - [mode=watch projoff=yes RABADON_OFF=yes silent=no] status/4.8 env — the screen names RABADON_OFF, where it is, and the one command that lifts it
  ok   - [mode=watch projoff=yes RABADON_OFF=yes silent=no] status/4.8 project — the screen names .rabadon/off, where it is, and the one command that lifts it
  ok   - [mode=watch projoff=yes RABADON_OFF=yes silent=no] after `rabadon on` — claim SILENT, gate exit 0 / 0 bytes (matches SILENT)
  ok   - [mode=watch projoff=yes RABADON_OFF=yes silent=no] after `rabadon off` — claim SILENT, gate exit 0 / 0 bytes (matches SILENT)
  ok   - [mode=watch projoff=yes RABADON_OFF=yes silent=yes] status — claim SILENT, gate exit 0 / 0 bytes (matches SILENT)
  ok   - [mode=watch projoff=yes RABADON_OFF=yes silent=yes] status/lamp — status says SILENT and the lamp says "off"
  ok   - [mode=watch projoff=yes RABADON_OFF=yes silent=yes] status/4.8 env — the screen names RABADON_OFF, where it is, and the one command that lifts it
  ok   - [mode=watch projoff=yes RABADON_OFF=yes silent=yes] status/4.8 project — the screen names .rabadon/off, where it is, and the one command that lifts it
  ok   - [mode=watch projoff=yes RABADON_OFF=yes silent=yes] status/4.8 silent — the screen names silent, where it is, and the one command that lifts it
  ok   - [mode=watch projoff=yes RABADON_OFF=yes silent=yes] after `rabadon on` — claim SILENT, gate exit 0 / 0 bytes (matches SILENT)
  ok   - [mode=watch projoff=yes RABADON_OFF=yes silent=yes] after `rabadon off` — claim SILENT, gate exit 0 / 0 bytes (matches SILENT)
  ok   - [mode=enforce projoff=no RABADON_OFF=no silent=no] status — claim ON, gate exit 2 / 399 bytes (matches ENFORCE)
  ok   - [mode=enforce projoff=no RABADON_OFF=no silent=no] status/lamp — status says ON and the lamp says "on"
  ok   - [mode=enforce projoff=no RABADON_OFF=no silent=no] after `rabadon on` — claim ON, gate exit 2 / 399 bytes (matches ENFORCE)
  ok   - [mode=enforce projoff=no RABADON_OFF=no silent=no] after `rabadon off` — claim WATCH, gate exit 0 / 296 bytes (matches WATCH)
  ok   - [mode=enforce projoff=no RABADON_OFF=no silent=yes] status — claim SILENT, gate exit 0 / 0 bytes (matches SILENT)
  ok   - [mode=enforce projoff=no RABADON_OFF=no silent=yes] status/lamp — status says SILENT and the lamp says "off"
  ok   - [mode=enforce projoff=no RABADON_OFF=no silent=yes] status/4.8 silent — the screen names silent, where it is, and the one command that lifts it
  ok   - [mode=enforce projoff=no RABADON_OFF=no silent=yes] after `rabadon on` — claim ON, gate exit 2 / 399 bytes (matches ENFORCE)
  ok   - [mode=enforce projoff=no RABADON_OFF=no silent=yes] after `rabadon off` — claim WATCH, gate exit 0 / 296 bytes (matches WATCH)
  ok   - [mode=enforce projoff=no RABADON_OFF=yes silent=no] status — claim SILENT, gate exit 0 / 0 bytes (matches SILENT)
  ok   - [mode=enforce projoff=no RABADON_OFF=yes silent=no] status/lamp — status says SILENT and the lamp says "off"
  ok   - [mode=enforce projoff=no RABADON_OFF=yes silent=no] status/4.8 env — the screen names RABADON_OFF, where it is, and the one command that lifts it
  ok   - [mode=enforce projoff=no RABADON_OFF=yes silent=no] after `rabadon on` — claim SILENT, gate exit 0 / 0 bytes (matches SILENT)
  ok   - [mode=enforce projoff=no RABADON_OFF=yes silent=no] after `rabadon off` — claim SILENT, gate exit 0 / 0 bytes (matches SILENT)
  ok   - [mode=enforce projoff=no RABADON_OFF=yes silent=yes] status — claim SILENT, gate exit 0 / 0 bytes (matches SILENT)
  ok   - [mode=enforce projoff=no RABADON_OFF=yes silent=yes] status/lamp — status says SILENT and the lamp says "off"
  ok   - [mode=enforce projoff=no RABADON_OFF=yes silent=yes] status/4.8 env — the screen names RABADON_OFF, where it is, and the one command that lifts it
  ok   - [mode=enforce projoff=no RABADON_OFF=yes silent=yes] status/4.8 silent — the screen names silent, where it is, and the one command that lifts it
  ok   - [mode=enforce projoff=no RABADON_OFF=yes silent=yes] after `rabadon on` — claim SILENT, gate exit 0 / 0 bytes (matches SILENT)
  ok   - [mode=enforce projoff=no RABADON_OFF=yes silent=yes] after `rabadon off` — claim SILENT, gate exit 0 / 0 bytes (matches SILENT)
  ok   - [mode=enforce projoff=yes RABADON_OFF=no silent=no] status — claim SILENT, gate exit 0 / 0 bytes (matches SILENT)
  ok   - [mode=enforce projoff=yes RABADON_OFF=no silent=no] status/lamp — status says SILENT and the lamp says "off"
  ok   - [mode=enforce projoff=yes RABADON_OFF=no silent=no] status/4.8 project — the screen names .rabadon/off, where it is, and the one command that lifts it
  ok   - [mode=enforce projoff=yes RABADON_OFF=no silent=no] after `rabadon on` — claim SILENT, gate exit 0 / 0 bytes (matches SILENT)
  ok   - [mode=enforce projoff=yes RABADON_OFF=no silent=no] after `rabadon off` — claim SILENT, gate exit 0 / 0 bytes (matches SILENT)
  ok   - [mode=enforce projoff=yes RABADON_OFF=no silent=yes] status — claim SILENT, gate exit 0 / 0 bytes (matches SILENT)
  ok   - [mode=enforce projoff=yes RABADON_OFF=no silent=yes] status/lamp — status says SILENT and the lamp says "off"
  ok   - [mode=enforce projoff=yes RABADON_OFF=no silent=yes] status/4.8 project — the screen names .rabadon/off, where it is, and the one command that lifts it
  ok   - [mode=enforce projoff=yes RABADON_OFF=no silent=yes] status/4.8 silent — the screen names silent, where it is, and the one command that lifts it
  ok   - [mode=enforce projoff=yes RABADON_OFF=no silent=yes] after `rabadon on` — claim SILENT, gate exit 0 / 0 bytes (matches SILENT)
  ok   - [mode=enforce projoff=yes RABADON_OFF=no silent=yes] after `rabadon off` — claim SILENT, gate exit 0 / 0 bytes (matches SILENT)
  ok   - [mode=enforce projoff=yes RABADON_OFF=yes silent=no] status — claim SILENT, gate exit 0 / 0 bytes (matches SILENT)
  ok   - [mode=enforce projoff=yes RABADON_OFF=yes silent=no] status/lamp — status says SILENT and the lamp says "off"
  ok   - [mode=enforce projoff=yes RABADON_OFF=yes silent=no] status/4.8 env — the screen names RABADON_OFF, where it is, and the one command that lifts it
  ok   - [mode=enforce projoff=yes RABADON_OFF=yes silent=no] status/4.8 project — the screen names .rabadon/off, where it is, and the one command that lifts it
  ok   - [mode=enforce projoff=yes RABADON_OFF=yes silent=no] after `rabadon on` — claim SILENT, gate exit 0 / 0 bytes (matches SILENT)
  ok   - [mode=enforce projoff=yes RABADON_OFF=yes silent=no] after `rabadon off` — claim SILENT, gate exit 0 / 0 bytes (matches SILENT)
  ok   - [mode=enforce projoff=yes RABADON_OFF=yes silent=yes] status — claim SILENT, gate exit 0 / 0 bytes (matches SILENT)
  ok   - [mode=enforce projoff=yes RABADON_OFF=yes silent=yes] status/lamp — status says SILENT and the lamp says "off"
  ok   - [mode=enforce projoff=yes RABADON_OFF=yes silent=yes] status/4.8 env — the screen names RABADON_OFF, where it is, and the one command that lifts it
  ok   - [mode=enforce projoff=yes RABADON_OFF=yes silent=yes] status/4.8 project — the screen names .rabadon/off, where it is, and the one command that lifts it
  ok   - [mode=enforce projoff=yes RABADON_OFF=yes silent=yes] status/4.8 silent — the screen names silent, where it is, and the one command that lifts it
  ok   - [mode=enforce projoff=yes RABADON_OFF=yes silent=yes] after `rabadon on` — claim SILENT, gate exit 0 / 0 bytes (matches SILENT)
  ok   - [mode=enforce projoff=yes RABADON_OFF=yes silent=yes] after `rabadon off` — claim SILENT, gate exit 0 / 0 bytes (matches SILENT)

  ok   - positive control: at least one cell got a REAL refusal (gate exit 2), so the instrument works

routing pin: no shipped path sends on|off|status|toggle to bin/rabadon.mjs
  ok   - package.json bin.rabadon points at native/rabadon-cli.sh, not bin/rabadon.mjs
  ok   - the on|off|status arm goes straight to the gate binary, no rabadon.mjs in it
  ok   - the toggle arm goes straight to the gate binary, no rabadon.mjs in it
  ok   - package.json scripts has no on/off/status/toggle entry calling rabadon.mjs

  ok   - no file under the real ~/.rabadon was written by this suite

status truth: 94 ok / 0 fail
----- status_truth_test.sh exit: 0 -----
===== install_docs_test.sh =====
install docs: the brake is inside the install block
  ok   - README.md: install block found
  ok   - README.md: install block is non-vacuous (8 command lines)
  ok   - README.md: `rabadon on` is a command inside the install block
  ok   - README.md: `rabadon on` is not before `rabadon init`
  ok   - README.md: `rabadon on` is not after the agent is started
  ok   - docs/quickstart.md: install block found
  ok   - docs/quickstart.md: install block is non-vacuous (3 command lines)
  ok   - docs/quickstart.md: `rabadon on` is a command inside the install block
  ok   - docs/quickstart.md: `rabadon on` is not before `rabadon init`
  ok   - docs/quickstart.md: `rabadon on` is not after the agent is started
  ok   - site/index.html: install block found
  ok   - site/index.html: install block is non-vacuous (6 command lines)
  ok   - site/index.html: `rabadon on` is a command inside the install block
  ok   - site/index.html: `rabadon on` is not before `rabadon init`
  ok   - site/index.html: `rabadon on` is not after the agent is started
  ok   - site/index.tmpl.html: install block found
  ok   - site/index.tmpl.html: install block is non-vacuous (6 command lines)
  ok   - site/index.tmpl.html: `rabadon on` is a command inside the install block
  ok   - site/index.tmpl.html: `rabadon on` is not before `rabadon init`
  ok   - site/index.tmpl.html: `rabadon on` is not after the agent is started

install docs: no dead npm install command while the version is untagged
  ok   - package.json version read: 0.2.3
  ok   - tag v0.2.3 absent — `npm i -g rabadon` is E404 today, so it must not be typeable in any shipped doc
  ok   - scanned set is non-vacuous (15 files: README, site pages, docs/*.md minus archives and captured evidence)
  ok   - README.md: no typeable `npm i -g rabadon`
  ok   - site/index.html: no typeable `npm i -g rabadon`
  ok   - site/index.tmpl.html: no typeable `npm i -g rabadon`
  ok   - docs/COUNTER.md: no typeable `npm i -g rabadon`
  ok   - docs/DANISMAN-PROMPT.md: no typeable `npm i -g rabadon`
  ok   - docs/POSITIONING.md: no typeable `npm i -g rabadon`
  ok   - docs/agent-contract.md: no typeable `npm i -g rabadon`
  ok   - docs/butce.md: no typeable `npm i -g rabadon`
  ok   - docs/commands.md: no typeable `npm i -g rabadon`
  ok   - docs/faq.md: no typeable `npm i -g rabadon`
  ok   - docs/guard.md: no typeable `npm i -g rabadon`
  ok   - docs/how-it-works.md: no typeable `npm i -g rabadon`
  ok   - docs/quickstart.md: no typeable `npm i -g rabadon`
  ok   - docs/threat-model.md: no typeable `npm i -g rabadon`
  ok   - docs/uninstall.md: no typeable `npm i -g rabadon`
38 ok / 0 fail
----- install_docs_test.sh exit: 0 -----
===== exit_path_test.sh =====
exit path: what init SAYS, and what remove actually takes back out
  ok   - init exits 0 on a clean project (the screen below is a successful run)
  ok   - init printed a screen (33 lines), not silence
  ok   - the screen names the mode it left you in (watch)
  ok   - the screen says outright that nothing is being stopped yet
  ok   - the screen says watch is the default (not a fault of this install)
  ok   - the screen says turning enforcement on is the operator's decision
  ok   - the screen carries exactly one "next:" line
  ok   - the one next command is `rabadon on` (next:      rabadon on       start refusing (rabadon off returns to watch))
  ok   - init does not claim to have turned enforcement on
  ok   - init wired Cursor: 5 rabadon hook(s) in .cursor/hooks.json
  ok   - remove exits 0
  ok   - after remove, no rabadon entry survives in .cursor/hooks.json (state: -2)
  ok   - remove names the Cursor file in its output
  ok   - a hooks.json that rabadon created and rabadon emptied is deleted, not left as an empty skeleton
  ok   - init merged into an existing hooks.json: 5 rabadon + 2 of the user's own
  ok   - remove stripped every rabadon entry from the user's own hooks.json
  ok   - the user's own two Cursor hooks survived init + remove untouched
  ok   - the user's hooks.json is still valid JSON after the round trip
  ok   - remove exits 0 on a project with the user's own Cursor hooks
  ok   - remove on a never-installed project exits 0
  ok   - remove did not create a .cursor directory where there was none
  ok   - no file under the real $HOME was modified by this suite
exit path: 22 ok / 0 fail
----- exit_path_test.sh exit: 0 -----
===== audit_test.sh =====
audit: hash-chained ledger
  ok   - reference sha256(abc) vector agrees with python (test harness sanity)
  ok   - real gate emitted 6 chained events (3 denies -> CHECK_FAIL+STOP each)
  ok   - every gate-emitted line carries prev
  ok   - the .head sidecar commits the line count (6 = the file's 6 chained lines)
  ok   - (a) untouched spool verifies INTACT (exit 0)
  ok   - (b) one edited character -> BREAK named at line 3 (exit 1)
  ok   - (c) a deleted line -> BREAK (exit 1)
  ok   - (d) every prev stripped -> BREAK (exit 1) — the pre-0.4 hole
  ok   - (e) whole day file deleted -> the orphan .head convicts it (exit 1)
  ok   - a truncated tail -> the head hash catches it (exit 1)
  ok   - a line removed and the chain RE-STITCHED -> the committed line count convicts it (exit 1)
  ok   - one middle prev stripped -> the NEXT chained line convicts it (exit 1)
  ok   - the LAST line's prev stripped -> the head hash convicts it (exit 1)
  ok   - a non-chaining writer beside the chain -> chain OK, verdict PARTIAL (exit 2), not an accusation
  ok   - --replay renders the timeline with chain marks
  ok   - (f) a headless legacy file -> UNVERIFIABLE, verdict PARTIAL (exit 2), never INTACT
  ok   - rabadon-pipeline appends through the same chained writer (chain.h)
  ok   - (g) the stranger fixture really is stock-serialized ("prev": " with a space)
  ok   - (g) that fixture's chain is valid per SPEC, verified independently of rabadon
  ok   - (g) a stock-serialized chain audits INTACT — 3 chained, 0 unchained (exit 0)
  ok   - (g) one field edited in that same spaced file -> chain BROKEN at line 3 (exit 1)
  ok   - (h) migrating a stock-serialized spool recounts all 3 chained lines (sidecar commits 5 after the gate's 2)
  ok   - (h) the migrated spool — stranger's 3 lines + rabadon's 2 — audits INTACT (exit 0)
  ok   - the restored spool verifies INTACT again (exit 0)
  ok   - (i) baseline: fresh install + one gated action -> INTACT (exit 0)
  ok   - (i) one run of the documented public JS API leaves the ledger INTACT (exit 0)
  ok   - (i) the same run's 4 JS events are still readable through the store (replay sees them)
  ok   - (i) every JS event carries prev and its .head sidecar commits the right hash + count
  ok   - (j) baseline: with no lock held the native writer appends 2 line(s) to the day file
  ok   - (j) a lock held by the JS writer keeps the native writer out of the chained file
  ok   - (j) a lock left by a killed writer is stolen, not obeyed forever
  ok   - (j) an unwritable spool fails open at once, it does not spin the wait (13ms for 5 gate runs)
  ok   - (k) the JS bus and the native gate land in the SAME day file the readers tail
  ok   - (k) interleaved C++ and JS writes verify as one chain -> INTACT (exit 0)
audit: 34 passed, 0 failed
----- audit_test.sh exit: 0 -----
===== ledger_day_test.sh =====
ledger day: one file, one name
  ok   - premise: under TZ=Etc/GMT+12 the local date is 2026-08-25 while UTC is 2026-08-26 (divergence is real)
  ok   - the gate names its day file in UTC (2026-08-26.jsonl), not local (2026-08-25.jsonl)
  ok   - the loop joins the gate in ONE day file -- the spool holds exactly 2026-08-26.jsonl
  ok   - the loop's own events are IN the file the gate chained (RUN_DONE present)
  ok   - gate + loop interleaved in that one file audits INTACT (exit 0)
  ok   - the drift event lands in the same day file the gate writes (2026-08-26.jsonl)
  ok   - gate + drift leave ONE day file behind, not two
  ok   - drift READS the session evidence the gate wrote (vocabulary 1/1, from the spool)
  ok   - and the verdict still fires: off-target session -> DRIFT (exit 3)
  ok   - twin: under TZ=UTC all three binaries still share the one file, unchanged
  ok   - twin: that name is the real UTC date the store and trace readers tail
  ok   - isolation: the canary in the redirected HOME is untouched

ledger day: 12 passed, 0 failed
----- ledger_day_test.sh exit: 0 -----
===== ledger_utf8_test.sh =====
ledger: a multi-byte command must not leave half a character in the spool
  ok   - all 13 spool line(s) decode as UTF-8
  ok   - every decodable spool line parses with a strict JSON parser
  ok   - the step label still carries the readable head of the command

ledger_utf8_test: 3 ok, 0 failed
----- ledger_utf8_test.sh exit: 0 -----
===== baseline_test.sh =====
baseline: the three laws, with no guard.json
  ok   - refused: force-push to main
  ok   - refused: force-push short flag to master
  ok   - refused: recursive delete outside the tree
  ok   - refused: recursive delete of /
  ok   - refused: hard reset onto a shared branch
  ok   - allowed: ordinary feature-branch push
  ok   - allowed: --force-with-lease is the safe form
  ok   - allowed: force-push to your own branch
  ok   - allowed: build dir delete
  ok   - allowed: node_modules delete
  ok   - allowed: local hard reset
  ok   - the refusal is written to the ledger under its baseline id
  ok   - watch mode: exit 0, WOULD_BLOCK on the ledger
baseline: the temp area (must-block first)
  ok   - refused: home directory root
  ok   - refused: a directory under a home that itself sits under /tmp
  ok   - refused: the temp root itself, named directly
  ok   - refused: the temp root itself, as it really resolves
  ok   - refused: walking out of the temp dir with ..
  ok   - refused: walking out of the temp dir into /etc
  ok   - refused: a symlink in the temp dir pointing at a home dir
  ok   - refused: a symlink in the temp dir pointing at /etc
  ok   - refused: the users tree
  ok   - refused: a system config dir
  ok   - refused: a system library dir
  ok   - refused: /var outside the temp area
  ok   - refused: an external disk
  ok   - refused: another project tree under the home dir
  ok   - allowed: a scratch dir under /tmp
  ok   - allowed: a nested scratch dir under /tmp
  ok   - allowed: the same path written as it resolves
  ok   - allowed: a dir mktemp -d actually handed out
  ok   - allowed: a scratch dir under /var/tmp
  ok   - allowed: a glob under the temp root
  ok   - allowed: a glob one level deeper
  ok   - allowed: a scratch dir this run made and is about to remake
  ok   - allowed: relative path with the shell already in a temp dir
  ok   - TMPDIR=/ does not turn the disk into scratch space
  ok   - TMPDIR=$HOME does not turn the home dir into scratch space
  ok   - a bogus TMPDIR does not take /tmp away either
  ok   - canary in the home dir survived judging 26 deletes
  ok   - canary in the temp dir survived judging 26 deletes
  ok   - the mktemp dir survived judging 26 deletes
  ok   - /tmp and /etc are still on the machine
  ok   - disabled[]: baseline-force-push silenced by id
  ok   - disabled[]: baseline-rm-rf-outside silenced by id
  ok   - disabled[]: baseline-hard-reset silenced by id
  ok   - with a guard, the USER's rule id is what lands on the ledger (not the baseline's)
  ok   - guard.json extends the floor: a project rule still refuses
  ok   - the baseline holds under a guard that never mentions it
the switch and the ledger
  ok   - refused: the enforce switch itself
  ok   - refused: the whole supervision directory
  ok   - refused: one day of the hash-chained ledger
  ok   - refused: the mode marker that detects an out-of-band change
  ok   - the refusal is on the ledger under its own rule id
  ok   - refused: the switch carried away by mv
  ok   - refused: the switch emptied by cp
  ok   - refused: the switch replaced by a symlink
  ok   - refused: the switch overwritten by install
  ok   - refused: the switch made unreadable by chmod
  ok   - refused: the mode marker rewritten by a redirection
  ok   - refused: a ledger day emptied by a redirection
  ok   - refused: a ledger day emptied by truncate
  ok   - refused: the mode marker rewritten by tee
  ok   - refused: the switch overwritten through dd's of= spelling
  ok   - allowed: a sibling file sharing the prefix
  ok   - allowed: the project's own build output
  ok   - allowed: node_modules
  ok   - allowed: an ordinary move inside the project
  ok   - allowed: an ordinary copy out of the project
  ok   - allowed: an ordinary redirection inside the project
  ok   - allowed: an ordinary chmod on the project's own script
  ok   - allowed: a dd onto the project's own file
  ok   - allowed: an assignment prefix that is not a path
  ok   - a sibling directory sharing the prefix is not charged to this law
baseline: 74 passed, 0 failed
----- baseline_test.sh exit: 0 -----
===== moves_test.sh =====
moves: the session writes down what it did, and nothing else changes
  ok   - the same command written with different whitespace has one signature
  ok   - two different commands have two signatures
  ok   - two runs of one command through different scratch dirs share a signature
  ok   - two different ports are two different commands
  ok   - an Edit is recorded as an Edit
  ok   - the path is recorded relative to the project root
  ok   - PostToolUse completes the move PreToolUse opened, it does not add a second one
  ok   - the completed move carries a claimed_rc (it is a claim, and it is named one)
  ok   - a failing test run is recorded as a red suite
  ok   - a passing test run is recorded as a green suite
  ok   - a command that is not a test run leaves the suite unknown, it does not guess green
  ok   - one error reached through two paths and two line numbers has one err_sig
  ok   - output with no error in it carries no err_sig
  ok   - after 215 moves the record holds exactly 200
  ok   - seq kept counting past the cap (newest seq 214 after 215 moves)
  ok   - the oldest move was evicted, not the newest (oldest surviving seq 15)
  ok   - raw text is carried for 50 moves, at or under the cap of 50
moves: recording changes nothing the caller can see
  ok   - the fixture is in enforce mode: the force-push is refused (exit 2)
  ok   - exit code is identical with the record on and off: 'echo hello' -> 0
  ok   - exit code is identical with the record on and off: 'git push --force origin main' -> 2
  ok   - RABADON_MOVES=0 writes no moves, and the default writes one
moves: 21 passed, 0 failed
----- moves_test.sh exit: 0 -----
===== signals_test.sh =====
signals: 1. repeat — it fires on a loop, not on a build step
  ok   - three failing runs of one command are a repeat
  ok   - lint/build/lint/build/lint/build fires nothing at all
  ok   - three SUCCESSFUL runs of one command are not a repeat
  ok   - a second attempt at a failing command is debugging, not a repeat
signals: 2. oscillation — one file rewritten back and forth, not two commands taking turns
  ok   - an A-B-A-B-A-B edit loop on one file is oscillation
  ok   - alternating edits across two files are not oscillation
  ok   - a three-content cycle on one file is not an A-B oscillation
signals: 3. root_migration — the error stands still while the moves move
  ok   - one error surviving three different commands is a root migration
  ok   - one error through one command three times is a repeat, not a migration
  ok   - three different errors from three commands are not one root
signals: 4. scope_drift — the weakest rule in the file, and it knows it
  ok   - six touched directories are scope drift
  ok   - four touched directories are under the threshold
  ok   - eight files in one directory are a refactor, not drift
signals: 5. green_redefined — the rule this whole product is named after
  ok   - editing a test file while the suite is red redefines green
  ok   - a red-to-green where only the test side moved redefines green
  ok   - four assertions falling to one redefines green
  ok   - a test refactor on a GREEN suite fires nothing
  ok   - a test file that gains assertions fires nothing
  ok   - fixing the source and going green fires nothing
  ok   - editing the source while the suite is red is the fix, not a redefinition
signals: 6. tier 1 — the shape of an edit, and the cascade that keeps it honest
  ok   - three spacings of one edit are a semantic repeat
  ok   - the same shape under renamed identifiers is a semantic repeat
  ok   - three unrelated functions in one file are not a semantic repeat
  ok   - an operator-level bugfix repeated three times is not a semantic repeat
  ok   - a test file grown one assertion at a time is not a semantic repeat
  ok   - tier 1 does not run at all when tier 0's hash already matched
  ok   - the cascade fixture actually reached the gate (3 ledger lines) — the silence above is a verdict, not an absence
  ok   - RABADON_SEM=0 turns tier 1 off, and the default turns it on
signals: 7. silent — no exit code moves and nothing reaches stdout
  ok   - the fixture is in enforce mode: the force-push is refused (exit 2)
  ok   - exit code identical with RABADON_SIGNALS=0 and without — an allowed command -> 0
  ok   - stdout is empty with the detectors on — an allowed command
  ok   - exit code identical with RABADON_SIGNALS=0 and without — a refused command -> 2
  ok   - stdout is empty with the detectors on — a refused command
  ok   - exit code identical with RABADON_SEM=0 and without — an allowed command -> 0
  ok   - stdout is empty with the detectors on — an allowed command
  ok   - exit code identical with RABADON_SEM=0 and without — a refused command -> 2
  ok   - stdout is empty with the detectors on — a refused command
  ok   - a firing tier-0 detector writes nothing to stdout
  ok   - a firing tier-1 detector writes nothing to stdout and allows the edit
signals: 39 passed, 0 failed
----- signals_test.sh exit: 0 -----
===== mirror_push_test.sh =====
== section 1: what --mirror does to a remote (real git, inside $ROOT only) ==
  ok   setup: the bare repo has main at B and a branch called legacy
  ok   --mirror force-updated main on the remote: B is gone, no --force was typed
  ok   --mirror deleted a branch on the remote that no longer exists locally

== section 2: the whole refspace is the target, not HEAD ==
  ok   A. the red team's line
  ok   B. --mirror with no remote named
  ok   C. the flag after the operand
  ok   D. another option in front of it
  ok   E. a lease promises one ref, a mirror deletes refs it never named
  ok   F. through the git global option walk
  ok   G. through a shell wrapper
  ok   H. second in a chain
  ok   I. --all --force from a feature branch still writes main
  ok   J. the same with the short flag
  ok   K. a clone that knows the remote has a main

== section 3: the twins — an option is not a crime ==
  ok   an ordinary push to main
  ok   --all with no force: every branch, fast-forward only
  ok   pushing tags
  ok   setting an upstream
  ok   the lease, on its own, is the safe form
  ok   forcing a branch of her own
  ok   pruning against a branch of her own
  ok   the line as quoted data
  ok   the line inside a commit message
  ok   a refspace holding no shared branch

== the shield held ==
  ok   no git/rm/bash/sh/zsh/dash was executed (judging is not running)
  ok   the canary under $HOME survived
  ok   proj: HEAD did not move
  ok   safe: HEAD did not move
  ok   track: HEAD did not move
  ok   no judged repo has a remote (a mirror push had nowhere to land)

PASS (30 checks)
----- mirror_push_test.sh exit: 0 -----
===== push_refspec_test.sh =====
== unit: the config a -c pair binds, folded the way git folds a key ==
  ok   a push refspec from config
  ok   section and variable fold
  ok   subsection is case-sensitive
  ok   another remote is another key
  ok   the key is multi-valued
  ok   a two-part key still reads
  ok   options after the subcommand are not git's

== e2e: the reported escapes, from either branch (no guard.json) ==
  ok   push --all --force
  ok   push --force --all
  ok   --all, no remote named
  ok   --all after the remote
  ok   -f short form with --all
  ok   config refspec
  ok   config refspec, no remote
  ok   config refspec, key folded
  ok   config refspec, second value
  ok   config refspec to upstream

== e2e: the wider half — --mirror is a force-push with no --force ==
  ok   mirror, forced by itself
  ok   mirror with --force
  ok   push.default=matching

== e2e: the same escapes through the wrappers the parser already flattens ==
  ok   --all inside sh -lc
  ok   --all inside eval
  ok   --all behind a git alias
  ok   --all with a global option
  ok   --all after &&
  ok   --all with force-if-includes and a force

== e2e: the user rule layer sees these too (its regex cannot) ==
  ok   guard.json + --all
  ok   guard.json + --mirror
  ok   guard.json + config refspec

== e2e: the legitimate twin of every case above still runs ==
  ok   --all without --force
  ok   --all with a lease
  ok   --all with force-if-includes
  ok   force-if-includes on its own
  ok   tags only, no branch written
  ok   tags only, short force
  ok   config refspec to a topic
  ok   a config that is not a push
  ok   the words in a commit message
  ok   the words in an echo
  ok   a plain mirror-less fetch
  ok   --all on a read

== e2e: a config that does NOT supply a refspec falls back to HEAD, and HEAD
        is the right answer to THAT question — so these keep the old verdict ==
  ok   config for another remote, on main
  ok   config for another remote, on feat
  ok   wrong subsection case, on main
  ok   wrong subsection case, on feat
  ok   push.default=current, on main
  ok   push.default=current, on feat
  ok   push.default=simple, on main
  ok   push.default=simple, on feat

== e2e: --follow-tags is the ordinary refspec plus tags, and stays refused ==
  ok   follow-tags on main
  ok   follow-tags on a branch

== e2e: the plain spellings did not stop working ==
  ok   plain force-push
  ok   the + refspec
  ok   force-push from main
  ok   plain hard reset
  ok   plain push
  ok   force-with-lease
  ok   force-push of own branch
  ok   force-push from a branch
  ok   rm inside the project

== canaries ==
  ok   the fake git/rm on PATH were never called (judging is not running)
  ok   the redirected HOME still holds its canary file
  ok   both judged repos still point at the same commit
  ok   neither judged repo ever had a remote to force-push to

PASS (64 checks)
----- push_refspec_test.sh exit: 0 -----
===== push_config_file_test.sh =====
== unit: the value git will see, from the files and then the line ==
  ok   the repo file is read
  ok   the global file is read
  ok   section and variable fold in a file
  ok   a quoted subsection keeps its case
  ok   the dotted section form folds the subsection
  ok   a commented line is not a value
  ok   a trailing comment is cut off the value
  ok   a quoted value keeps what is inside it
  ok   a # inside quotes is not a comment
  ok   a continued line, indented, keeps one space
  ok   a continued line, flush, is one value
  ok   the file value and the -c value accumulate
  ok   the key is multi-valued inside one file
  ok   an included file is read in place
  ok   a variable outside the section is not it
  ok   a bare key is true

== unit: single-valued push.default, in git's file order ==
  ok   global then repo, in that order — the repo file is last and wins

== e2e: the reported escape — two ordinary commands, one turn apart ==
  ok   repo config names the refspec
  ok   repo config, no remote operand
  ok   repo config, -f short form
  ok   repo config push.default=matching
  ok   repo config, key folded in the file
  ok   repo config, dotted section form
  ok   repo config, second value is the dangerous one
  ok   the line's -c does not hide the file's value

== e2e: every file git reads, not just the repo's ==
  ok   ~/.gitconfig names the refspec
  ok   ~/.gitconfig push.default=matching
  ok   the XDG file names the refspec
  ok   the system file names the refspec
  ok   an include splices it in
  ok   an includeIf splices it in
  ok   the worktree file, with the extension

== e2e: which remote a push with no operand is pushing to ==
  ok   remote.pushDefault picks the remote
  ok   branch.<cur>.remote picks the remote
  ok   branch.<cur>.pushRemote outranks pushDefault

== e2e: the same escapes through the layers the parser already flattens ==
  ok   config refspec inside sh -lc
  ok   config refspec behind a git alias
  ok   config refspec after &&

== e2e: the legitimate twin of every case above still runs ==
  ok   a config refspec onto a topic branch
  ok   the same refspec with no --force
  ok   the same refspec with a lease
  ok   push.default=matching with no --force
  ok   a quoted subsection is case-sensitive
  ok   a config for another remote
  ok   a commented-out refspec is not a refspec
  ok   a push variable in another section
  ok   the worktree file without the extension
  ok   an includeIf carrying an identity
  ok   pushDefault to a remote whose refspec is a topic
  ok   writing the config is not pushing it
  ok   reading the config back
  ok   an ordinary push with the file in place
  ok   a force-push of her own branch, spelled out
  ok   a delete of the project's own build output
  ok   the words in a commit message

== e2e: a file that does NOT supply a refspec still falls back to HEAD ==
  ok   push.default=simple, on main
  ok   push.default=simple, on feat
  ok   push.default=current, on main
  ok   push.default=current, on feat
  ok   repo=simple beats global=matching, on feat — the LAST value decides, not any value

== e2e: a linked worktree, whose config is not where its .git is ==
  ok   the shared config decides a push judged from a worktree
  ok   and it still names the branch, from the worktree
  ok   with no config, the worktree's own branch is hers to force

== e2e: an empty or absent file is not a value ==
  ok   no config anywhere
  ok   an empty repo config body
  ok   a section with no variable

== e2e: the plain spellings did not stop working ==
  ok   plain force-push
  ok   the + refspec
  ok   force-push from main
  ok   force-push of a feature branch

== the message names the file, not just the branch ==
  ok   the refusal names the key and the file it was read from
  ok   the matching refusal names push.default and the file

== canaries ==
  ok   the fake git/rm on PATH were never called (judging is not running)
  ok   the redirected HOME still holds its canary file
  ok   both judged repos still point at the same commit
  ok   neither judged repo ever had a remote to force-push to

PASS (76 checks)
----- push_config_file_test.sh exit: 0 -----
===== push_delete_test.sh =====
push-delete: what the shell runs and what git accepts (no remote, fake git, nothing pushed)
  ok   - real git accepts the spelling: git push norem :main
  ok   - real git accepts the spelling: git push --delete norem main
  ok   - real git accepts the spelling: git push -d norem main
  ok   - real git accepts the spelling: git push -fq norem main
  ok   - the probe repo still has no remote: nothing left the machine
  ok   - the shell runs it: the empty-source refspec
  ok   - the shell runs it: the delete switch
  ok   - the shell runs it: the short delete switch
  ok   - the shell runs it: a bundled force
  ok   - the fakes ran instead of the real git and rm: nothing was pushed or deleted
push-delete: refused (no guard.json — the compiled floor alone)
  ok   - refused: the empty-source refspec
  ok   - refused: the same, on master
  ok   - refused: the destination spelled in full
  ok   - refused: the delete switch
  ok   - refused: the delete switch after the remote
  ok   - refused: the short delete switch
  ok   - refused: delete and force together
  ok   - refused: a global option in front
  ok   - refused: wrapped in a shell string
  ok   - refused: behind a reserved word
  ok   - refused: after an unrelated green step
  ok   - refused: a bundled force flag
  ok   - refused: a bundled force flag, other order
push-delete: refused with a guard.json whose own rules say nothing about deletion
  ok   - refused (guarded project): the empty-source refspec
  ok   - refused (guarded project): the delete switch
push-delete: allowed (the twin of every refusal above)
  ok   - allowed: delete your own merged branch
  ok   - allowed: the delete switch on your own branch
  ok   - allowed: the short switch on your own branch
  ok   - allowed: deleting a branch merely named after main
  ok   - allowed: deleting a tag, not a branch
  ok   - allowed: deleting the tag docs/guard.md prints as the example
  ok   - allowed: an ordinary push to main
  ok   - allowed: an ordinary push to a feature branch
  ok   - allowed: setting upstream
  ok   - allowed: a quiet push with no force in the bundle
  ok   - allowed: pushing HEAD onto main the normal way
  ok   - allowed: the deletion as a commit message
  ok   - allowed: the deletion as prose in an echo
  ok   - allowed: delete your own merged branch
  ok   - allowed: the delete switch on your own branch
  ok   - allowed: the short switch on your own branch
  ok   - allowed: deleting a branch merely named after main
  ok   - allowed: deleting a tag, not a branch
  ok   - allowed: deleting the tag docs/guard.md prints as the example
  ok   - allowed: an ordinary push to main
  ok   - allowed: an ordinary push to a feature branch
  ok   - allowed: setting upstream
  ok   - allowed: a quiet push with no force in the bundle
  ok   - allowed: pushing HEAD onto main the normal way
  ok   - allowed: the deletion as a commit message
  ok   - allowed: the deletion as prose in an echo
  ok   - allowed: the deletion inside a heredoc body
  ok   - allowed: --force-with-lease is the safe form
push-delete: the refusal names the right law
  ok   - the refusal carries the branch-delete law's id
  ok   - the refusal says the branch is being deleted, not force-pushed
  ok   - the refusal is written to the ledger under its own id
  ok   - a real force-push still carries the force-push id
  ok   - watch mode: exit 0, WOULD_BLOCK on the ledger
push-delete: disabled[] by id, one law at a time
  ok   - disabled[]: baseline-branch-delete silenced by id
  ok   - silencing the delete law leaves the force-push law standing
  ok   - disabled[]: baseline-force-push still silenced by id
  ok   - a repo that allows force-pushing main did NOT agree to main being deleted
  ok   - canary in $HOME intact: judging a deletion is not performing one
  ok   - the lab repo's HEAD never moved
push delete: 64 ok, 0 fail
----- push_delete_test.sh exit: 0 -----
===== lease_force_test.sh =====
lease and force: what the shell runs (fake git, fake rm)
  ok   - the shell runs it: the lease then the force
  ok   - the shell runs it: the force then the lease
  ok   - the shell runs it: if-includes then force
  ok   - the fakes ran instead of the real git and rm: nothing was pushed or deleted
lease and force: what git does with a STALE lease (real pushes, lab-local bare remote)
  ok   - git: --force-with-lease alone — the lease HELD, the remote is intact
  ok   - git: --force-if-includes alone — the lease HELD, the remote is intact
  ok   - git: --force-with-lease then --force — the remote LOST the other clone's commit
  ok   - git: --force then --force-with-lease — the remote LOST the other clone's commit
  ok   - git: -f then --force-with-lease — the remote LOST the other clone's commit
  ok   - git: --force-if-includes then --force — the remote LOST the other clone's commit
  ok   - git: a lease with a + refspec — the remote LOST the other clone's commit
lease and force: refused on a shared branch (no guard.json, compiled floor alone)
  ok   - refused on main: the lease written before the force
  ok   - refused on main: the lease written after the force
  ok   - refused on main: the lease before the short force flag
  ok   - refused on main: the lease after the short force flag
  ok   - refused on main: a lease carrying a ref name
  ok   - refused on main: a lease carrying a ref and an expected sha
  ok   - refused on main: if-includes before the force
  ok   - refused on main: if-includes after the force
  ok   - refused on main: both lease spellings and a force
  ok   - refused on main: a lease with the force refspec
  ok   - refused on main: a lease with the force refspec, spelled in full
  ok   - refused on main: a lease and a force in a short cluster
  ok   - refused on main: a lease and a force with no refspec at all
  ok   - refused on main: a lease and a force naming no remote either
  ok   - refused on main: a lease against a mirror
  ok   - refused on main: a lease against the whole refspace
  ok   - refused on main: a lease and a force behind a git global option
  ok   - refused on main: a lease and a force inside a shell string
  ok   - refused on main: a lease and a force in a brace group
  ok   - refused on main: a lease and a force in the then branch
  ok   - refused on main: a lease and a force after an ordinary command
  ok   - refused on master: the lease written before the force
  ok   - refused on master: the lease written after the force
  ok   - refused on master: the lease before the short force flag
  ok   - refused on master: the lease after the short force flag
  ok   - refused on master: a lease carrying a ref name
  ok   - refused on master: a lease carrying a ref and an expected sha
  ok   - refused on master: if-includes before the force
  ok   - refused on master: if-includes after the force
  ok   - refused on master: both lease spellings and a force
  ok   - refused on master: a lease with the force refspec
  ok   - refused on master: a lease with the force refspec, spelled in full
  ok   - refused on master: a lease and a force in a short cluster
  ok   - refused on master: a lease and a force with no refspec at all
  ok   - refused on master: a lease and a force naming no remote either
  ok   - refused on master: a lease against a mirror
  ok   - refused on master: a lease against the whole refspace
  ok   - refused on master: a lease and a force behind a git global option
  ok   - refused on master: a lease and a force inside a shell string
  ok   - refused on master: a lease and a force in a brace group
  ok   - refused on master: a lease and a force in the then branch
  ok   - refused on master: a lease and a force after an ordinary command
  ok   - refused on trunk: the lease written before the force
  ok   - refused on trunk: the lease written after the force
  ok   - refused on trunk: the lease before the short force flag
  ok   - refused on trunk: the lease after the short force flag
  ok   - refused on trunk: a lease carrying a ref name
  ok   - refused on trunk: a lease carrying a ref and an expected sha
  ok   - refused on trunk: if-includes before the force
  ok   - refused on trunk: if-includes after the force
  ok   - refused on trunk: both lease spellings and a force
  ok   - refused on trunk: a lease with the force refspec
  ok   - refused on trunk: a lease with the force refspec, spelled in full
  ok   - refused on trunk: a lease and a force in a short cluster
  ok   - refused on trunk: a lease and a force with no refspec at all
  ok   - refused on trunk: a lease and a force naming no remote either
  ok   - refused on trunk: a lease against a mirror
  ok   - refused on trunk: a lease against the whole refspace
  ok   - refused on trunk: a lease and a force behind a git global option
  ok   - refused on trunk: a lease and a force inside a shell string
  ok   - refused on trunk: a lease and a force in a brace group
  ok   - refused on trunk: a lease and a force in the then branch
  ok   - refused on trunk: a lease and a force after an ordinary command
  ok   - refused on develop: the lease written before the force
  ok   - refused on develop: the lease written after the force
  ok   - refused on develop: the lease before the short force flag
  ok   - refused on develop: the lease after the short force flag
  ok   - refused on develop: a lease carrying a ref name
  ok   - refused on develop: a lease carrying a ref and an expected sha
  ok   - refused on develop: if-includes before the force
  ok   - refused on develop: if-includes after the force
  ok   - refused on develop: both lease spellings and a force
  ok   - refused on develop: a lease with the force refspec
  ok   - refused on develop: a lease with the force refspec, spelled in full
  ok   - refused on develop: a lease and a force in a short cluster
  ok   - refused on develop: a lease and a force with no refspec at all
  ok   - refused on develop: a lease and a force naming no remote either
  ok   - refused on develop: a lease against a mirror
  ok   - refused on develop: a lease against the whole refspace
  ok   - refused on develop: a lease and a force behind a git global option
  ok   - refused on develop: a lease and a force inside a shell string
  ok   - refused on develop: a lease and a force in a brace group
  ok   - refused on develop: a lease and a force in the then branch
  ok   - refused on develop: a lease and a force after an ordinary command
  ok   - refused with guard.json too: the lease written before the force
  ok   - refused with guard.json too: the lease written after the force
  ok   - refused with guard.json too: if-includes before the force
  ok   - the refusal names the rule id
  ok   - the refusal says the force cancels the lease, not 'use --force-with-lease'
lease and force: the work this must not cut
  ok   - allowed: the lease alone, the safe form
  ok   - allowed: the lease alone with no refspec
  ok   - allowed: the lease alone naming a ref
  ok   - allowed: the lease alone naming a ref and a sha
  ok   - allowed: if-includes alone, inert without a lease
  ok   - allowed: both lease spellings, no force
  ok   - allowed: the lease alongside an upstream flag
  ok   - allowed: the lease in a short cluster with no f
  ok   - allowed: the lease over every branch, no force
  ok   - allowed: if-includes over every branch, no force
  ok   - allowed: an ordinary push
  ok   - allowed: an ordinary push with no refspec
  ok   - allowed: an upstream push
  ok   - allowed: a lease as a commit message
  ok   - allowed: a lease echoed as a string
  ok   - allowed: a lease as a grep pattern
  ok   - allowed on feat: the lease and the force on her own branch
  ok   - allowed on feat: the force and the lease on her own branch
  ok   - allowed on feat: if-includes and the force on her own branch
  ok   - allowed on feat: the force refspec on her own branch
  ok   - allowed on feat: a lease and a force with no refspec, on her own branch
  ok   - allowed on my-branch: the lease and the force on her own branch
  ok   - allowed on my-branch: the force and the lease on her own branch
  ok   - allowed on my-branch: if-includes and the force on her own branch
  ok   - allowed on my-branch: the force refspec on her own branch
  ok   - allowed on my-branch: a lease and a force with no refspec, on her own branch
  ok   - allowed on damla/wip: the lease and the force on her own branch
  ok   - allowed on damla/wip: the force and the lease on her own branch
  ok   - allowed on damla/wip: if-includes and the force on her own branch
  ok   - allowed on damla/wip: the force refspec on her own branch
  ok   - allowed on damla/wip: a lease and a force with no refspec, on her own branch
  ok   - allowed on release-2: the lease and the force on her own branch
  ok   - allowed on release-2: the force and the lease on her own branch
  ok   - allowed on release-2: if-includes and the force on her own branch
  ok   - allowed on release-2: the force refspec on her own branch
  ok   - allowed on release-2: a lease and a force with no refspec, on her own branch
lease and force: the other two laws are untouched
  ok   - a hard reset to HEAD still goes
  ok   - a hard reset onto the shared branch is still refused
  ok   - a build dir still goes
  ok   - the branch-delete law is still its own law
  ok   - disabled[] still silences the force law
  ok   - and silencing the force law did not silence the delete law
  ok   - the canary in the home dir survived judging every command above
  ok   - the canary in the lab survived
  ok   - the judged project still has no remote: nothing left this machine
  ok   - /tmp, /etc and the home dir are still on the machine
lease and force: 146 passed, 0 failed
----- lease_force_test.sh exit: 0 -----
===== glob_escape_test.sh =====
glob escape: what the shell actually hands to rm
  ok   - every word the pattern expanded to lands outside the dir it names (2/2, e.g. /tmp/rabadon-glob-test.nrDgTN/sandbox/tmpish/a/../../victim)
  ok   - the fake rm deleted nothing: the escape is proved without paying for it
glob escape: refused (the positives — these are the product)
  ok   - refused: plain path out of the temp area, no pattern at all
  ok   - refused: a star, then walk out
  ok   - refused: a single-character wildcard, then walk out
  ok   - refused: a bracket class, then walk out
  ok   - refused: a globstar, then walk out
  ok   - refused: a star that walks up to the users tree
  ok   - refused: a star that walks back to the temp root every process holds
  ok   - refused: a brace where only one of the two words stays home
  ok   - refused: a quoted prefix does not hide the pattern
  ok   - refused: the launchd temp tree, same escape
  ok   - refused: a star under a home dir that itself sits under a temp dir
  ok   - refused: an expansion too large to compute is not judged safe
  ok   - refused: a pattern inside the project that walks out of it
  ok   - the refusal carries the delete law's id, not another rule's
  ok   - the message names the destination, not the prefix it was cut off at
  ok   - the refusal is on the ledger under the baseline id
  ok   - refused: a globstar whose first component enumerates the shared temp root
  ok   - refused: a pattern under a system dir the environment called $TMPDIR
  ok   - refused: a pattern in the middle of a path under a bogus $TMPDIR
  ok   - allowed: the same pattern shape under a $TMPDIR that really is scratch
glob escape: still allowed (the carve-out this rule was measured into)
  ok   - allowed: a glob under the temp root
  ok   - allowed: a glob one level deeper
  ok   - allowed: a glob in the middle of the path
  ok   - allowed: a walk-up after a glob that stays inside the temp area
  ok   - allowed: a brace whose every word stays inside the temp area
  ok   - allowed: a globstar under a scratch dir the caller named
  ok   - allowed: a glob inside the project tree
  ok   - allowed: a deeper glob inside the project tree
  ok   - allowed: a walk-up after a glob that stays inside the project
  ok   - allowed: a scratch dir this run made and is about to remake
  ok   - the canary survived judging every command above
  ok   - the pattern's own matches are still on disk
  ok   - /tmp, /etc and the home dir are still on the machine
glob escape: 35 passed, 0 failed
----- glob_escape_test.sh exit: 0 -----
===== temp_root_glob_test.sh =====
temp root: what the shell hands to rm (measured, not argued)
  ok   - a bare glob over the shared root named 2 entr(ies) this caller never created (of 6)
  ok   - an anchored glob named only the caller's own 3 entr(ies) — this is the difference the law reads
  ok   - the fake rm deleted nothing: the handover is proved without paying for it
temp root: refused (the positives — a negative may not stand alone)
  ok   - refused: the leak itself: every entry of the shared temp root
  ok   - refused: the same, with a trailing slash
  ok   - refused: the same, with the root quoted
  ok   - refused: the same, with a doubled separator
  ok   - refused: the same, through a dot component
  ok   - refused: the same, reached by walking back up to the root
  ok   - refused: a dot is not an anchor, and .* also names . and ..
  ok   - refused: a suffix pattern still enumerates the root
  ok   - refused: a single-character wildcard is unanchored too
  ok   - refused: a bracket class is unanchored too
  ok   - refused: a name inside every other session's scratch dir
  ok   - refused: a globstar whose first component is the shared root
  ok   - refused: a brace where only one of the two words is anchored
  ok   - refused: the root as it really resolves
  ok   - refused: the other system temp root
  ok   - refused: the launchd temp tree
  ok   - refused: the temp root itself, which is where this started
  ok   - refused: a bare glob with the shell sitting in the shared temp root
  ok   - refused: the absolute form, judged from inside the shared root
  ok   - refused: a temp root itself, judged from a shell inside another one
  ok   - refused: every entry of the root $TMPDIR itself names
temp root: still allowed (the carve-out, which the positives may not buy)
  ok   - allowed: a family of scratch dirs the caller named
  ok   - allowed: the same, with a dot in the prefix
  ok   - allowed: a scratch dir the caller made, emptied
  ok   - allowed: a bare glob two levels down
  ok   - allowed: a globstar under a dir the caller named
  ok   - allowed: an anchored glob in the middle of the path
  ok   - allowed: an anchored family with a fixed tail
  ok   - allowed: one scratch dir, no pattern at all
  ok   - allowed: a nested scratch dir
  ok   - allowed: a scratch dir under /var/tmp
  ok   - allowed: a walk-up after an anchored glob that stays in the temp area
  ok   - allowed: a brace whose every word is a name the caller wrote
  ok   - allowed: a glob inside the project tree
  ok   - allowed: a scratch dir this run made and is about to remake
  ok   - allowed: a named scratch dir with the shell sitting in the shared root
  ok   - allowed: a relative target with the shell one level under the root
  ok   - allowed: a checkout that merely LIVES under a temp root owns its own entries
  ok   - allowed: the dir mktemp -d handed out, emptied
  ok   - allowed: the dir mktemp -d handed out, removed
temp root: a root NAMED in the environment is not a root (the positives)
  ok   - refused: a subdirectory of a listed system dir
  ok   - refused: the same, one the denylist did name at top level
  ok   - refused: config under a subdirectory of /etc
  ok   - refused: the directory services database
  ok   - refused: a system dir behind its real location
  ok   - refused: the machine-wide library cache
  ok   - refused: the package manager's tree
  ok   - refused: a top-level dir nobody put on the list: the other user's home
  ok   - refused: a top-level dir nobody put on the list: served data
  ok   - refused: a top-level dir nobody put on the list: shared objects
  ok   - refused: a top-level dir nobody put on the list: the boot partition
  ok   - refused: a top-level dir nobody put on the list: a data mount
  ok   - refused: a top-level dir nobody put on the list: the nix store
  ok   - refused: the root itself, named as scratch by the same assignment
temp root: an env-named root inside the real temp area still works (the twin)
  ok   - allowed: a named entry under a $TMPDIR that is really under /var/folders
  ok   - allowed: $TMPDIR naming /tmp itself, cleaning a dir the caller made
  ok   - allowed: a bogus $TMPDIR does not take the machine's real temp roots away
  ok   - allowed: a bogus $TMPDIR does not reach into the project tree either
  ok   - refused: the env-named root is still a root — its own entries are still shared
  ok   - the env-root refusal carries the delete law's id
  ok   - both directions ran: 36 must-block, 23 must-allow
  ok   - the refusal carries the delete law's id, not another rule's
  ok   - the message quotes the target as the agent wrote it
  ok   - the refusal is on the ledger under the baseline id
  ok   - every entry of the stand-in shared root survived judging
  ok   - the mktemp dir survived judging
  ok   - /tmp, /etc and the home dir are still on the machine
  ok   - this run left no session state outside the lab: it cannot colour the next one
temp root glob: 71 passed, 0 failed
----- temp_root_glob_test.sh exit: 0 -----
===== path_answer_test.sh =====
== one answer: must NOT block (a delete that lands in machine scratch) ==
  ok   guard.json  its own scratch files, several at once
  ok   compiled-in its own scratch files, several at once
  ok   guard.json  a scratch build dir before rebuilding
  ok   compiled-in a scratch build dir before rebuilding
  ok   guard.json  one scratch file, rm -f
  ok   compiled-in one scratch file, rm -f
  ok   guard.json  a scratch dir the next command remakes
  ok   compiled-in a scratch dir the next command remakes
  ok   guard.json  a pid file after killing the process
  ok   compiled-in a pid file after killing the process
  ok   guard.json  one scratch html file
  ok   compiled-in one scratch html file
  ok   guard.json  a glob one level under the temp root
  ok   compiled-in a glob one level under the temp root
  ok   guard.json  an anchored glob at the temp root
  ok   compiled-in an anchored glob at the temp root
  ok   guard.json  a scratch output dir, rewritten next
  ok   compiled-in a scratch output dir, rewritten next
  ok   guard.json  the temp dir named through $TMPDIR
  ok   compiled-in the temp dir named through $TMPDIR
  ok   guard.json  a symlink that points back into scratch
  ok   compiled-in a symlink that points back into scratch
  ok   guard.json  scratch reached by climbing back down
  ok   compiled-in scratch reached by climbing back down
  ok   guard.json  the mktemp dir this suite is running in
  ok   compiled-in the mktemp dir this suite is running in

== the twin: must block (the same shapes, landing somewhere else) ==
  ok   guard.json  a home directory named through $HOME
  ok   compiled-in a home directory named through $HOME
  ok   guard.json  a glob that climbs out of the temp root
  ok   compiled-in a glob that climbs out of the temp root
  ok   guard.json  a system library dir
  ok   compiled-in a system library dir
  ok   guard.json  the shared temp root itself
  ok   compiled-in the shared temp root itself
  ok   guard.json  the shared temp root, as it resolves
  ok   compiled-in the shared temp root, as it resolves
  ok   guard.json  every entry of the shared temp root
  ok   compiled-in every entry of the shared temp root
  ok   guard.json  a symlink in scratch pointing at $HOME
  ok   compiled-in a symlink in scratch pointing at $HOME
  ok   guard.json  another project tree under the home dir
  ok   compiled-in another project tree under the home dir
  ok   guard.json  climbing out of the temp dir with ..
  ok   compiled-in climbing out of the temp dir with ..

== TMPDIR is the environment, and the environment is what an agent sets ==
  ok   guard.json  $HOME/Documents still refused with TMPDIR=/tmp/rbpath.9Vv0rA/home
  ok   guard.json  the climb-out still refused with TMPDIR=/tmp/rbpath.9Vv0rA/home
  ok   guard.json  /usr/local/lib still refused with TMPDIR=/tmp/rbpath.9Vv0rA/home
  ok   compiled-in $HOME/Documents still refused with TMPDIR=/tmp/rbpath.9Vv0rA/home
  ok   compiled-in the climb-out still refused with TMPDIR=/tmp/rbpath.9Vv0rA/home
  ok   compiled-in /usr/local/lib still refused with TMPDIR=/tmp/rbpath.9Vv0rA/home
  ok   guard.json  $HOME/Documents still refused with TMPDIR=/
  ok   guard.json  the climb-out still refused with TMPDIR=/
  ok   guard.json  /usr/local/lib still refused with TMPDIR=/
  ok   compiled-in $HOME/Documents still refused with TMPDIR=/
  ok   compiled-in the climb-out still refused with TMPDIR=/
  ok   compiled-in /usr/local/lib still refused with TMPDIR=/
  ok   guard.json  $HOME/Documents still refused with TMPDIR=/Users
  ok   guard.json  the climb-out still refused with TMPDIR=/Users
  ok   guard.json  /usr/local/lib still refused with TMPDIR=/Users
  ok   compiled-in $HOME/Documents still refused with TMPDIR=/Users
  ok   compiled-in the climb-out still refused with TMPDIR=/Users
  ok   compiled-in /usr/local/lib still refused with TMPDIR=/Users

== the project's own rule is still the project's own rule ==
  ok   the hand-written rule still fires, by its own id
  ok   guard.json  scratch and a real tree in one command
  ok   compiled-in scratch and a real tree in one command
  ok   an unknown $VAR is still waived, not guessed

== judging is not running ==
  ok   no deleter was ever executed (ran.log empty)
  ok   canary intact: home/Documents/keep.txt
  ok   canary intact: home/work/archive/proj5/keep.txt
  ok   canary intact: proj/src/keep.txt
  ok   canary intact: scratch/build/out/f.txt
  ok   /tmp, /etc and /usr/local are still on the machine

cases: 26   assertions: 72   pass: 72   fail: 0
PASS
----- path_answer_test.sh exit: 0 -----
===== guard_lint_test.sh =====
  ok   - bash rule with "denies" is refused — exit 1 and names "no-wrangler-deploy"
  ok   - the message quotes the offending key ("denies")
  ok   - protectedPaths rule with "matches" is refused — exit 1 and names "core-frozen"
  ok   - rule with no pattern key is refused — exit 1 and names "no-pattern-at-all"
  ok   - dead extra key next to a live deny is refused — exit 1 and names "no-prod-deploy"
  ok   - a path key inside bash[] is refused — exit 1 and names "wrong-section"
  ok   - rule with an empty deny pattern is refused — exit 1 and names "empty-deny"
  ok   - an id-less broken rule is named by position — exit 1 and names "bash[0]"
  ok   - a disabled rule is still linted — exit 1 and names "parked-rule"
  ok   - a correct guard using every documented field still lints clean
  ok   - rabadon-stamped rule keys (source/authoredBy/incidentAt) lint clean
  ok   - this repo's own .rabadon/guard.json lints clean
  ok   - the guard B3 reads is tracked — a clean clone has it too
  ok   - the only tracked files under any .rabadon/ are the root contracts (state stays local)
  ok   - empty rule arrays lint clean
  ok   - top-level key typo is still caught
  ok   - uncompilable regex is still caught
  ok   - a missing guard is still an error, not a pass
  ok   - the working rule: gate BLOCKS (exit 2) and lint says valid
  ok   - the typo rule: gate ALLOWS (exit 0) and lint now refuses to certify it
  skip - make -q arm: the tree is not built (run make first)
guard lint: 20 ok, 0 fail
----- guard_lint_test.sh exit: 0 -----
===== guard_reach_test.sh =====
guard reach — a project's own rules have to reach the project

0. the premise: the rule works when the session is standing in the project
  ok    refused by alpha-no-note: cwd=alpha  git commit -m 'note: x'

1. the session is somewhere else and the line walks into the project
  ok    refused by alpha-no-note: cwd=HOME   cd alpha && git commit -m 'note: x'
  ok    refused by alpha-no-note: cwd=HOME   git -C alpha commit -m 'note: x'
  ok    refused by alpha-no-note: cwd=HOME   pushd alpha && git commit -m 'note: x'
  ok    refused by alpha-no-note: cwd=beta   cd alpha && git commit -m 'note: x'
  ok    refused by alpha-no-note: cwd=HOME   cd alpha/sub && git commit -m 'note: x'
  ok    refused by beta-no-yarn: cwd=alpha  cd beta && yarn add x

2. a reachable guard is not a global one
  ok    allowed: cwd=HOME   cd beta && git commit -m 'note: x'
  ok    allowed: cwd=HOME   cd plain && git commit -m 'note: x'
  ok    allowed: cwd=alpha  yarn add x
  ok    allowed: cwd=HOME   git commit -m 'note: x'
  ok    allowed: cwd=alpha  git commit -m 'a real message'
  ok    allowed: cwd=HOME   echo 'the rule is git commit note:' >> NOTES.md

3. reaching a guard may refuse, never permit
  ok    refused by baseline-rm-rf-outside: cwd=HOME   cd beta && rm -rf /Users/nobody/elsewhere  (beta disables the law)
  ok    allowed: cwd=beta   rm -rf /Users/nobody/elsewhere  (its own disabled[] is the owner's override)

4. judging is not running
  ok    the fake binary log is empty: nothing was executed
  ok    home canary intact
  ok    both guards still on disk, unmodified by judging

  pass 18   fail 0
  guard reach: GREEN
----- guard_reach_test.sh exit: 0 -----
===== guard_allow_twin_test.sh =====
  ok   - a rule that denies its own allow example fails lint
  ok   - the same rule with the separator made mandatory passes lint
  ok   - the repaired rule still refuses a non-semantic commit
  ok   - a guard with no twins is reported and still valid

guard_allow_twin_test: 4 ok, 0 failed
----- guard_allow_twin_test.sh exit: 0 -----
===== guard_deny_twin_test.sh =====
deny twins — a rule has to prove it can still cut

1. a rule that cannot cut its own example is named
  ok   - the dead rule is named, and named as unable to refuse
  ok   - and it quotes the example the rule failed to catch

2. a rule that can cut its example still passes
  ok   - a rule with a working twin lints clean

3. a path rule proves itself against the spelling the event carries
  ok   - a relative example is accepted, because the gate offers the relative spelling too
  ok   - a path rule anchored at the wrong root is named as dead

4. the allow twin is still enforced
  ok   - a rule that refuses its own allow example is still rejected

5. a rule with no catches example is counted out loud
  ok   - a rule with no catches example does not fail the guard yet
  ok   - and the guard says how many rules nothing proves

6. the engine's own newest rule, driven as written
  ok   - the rule cannot cut the shape it was written about, and lint says so

  9 passed, 0 failed
----- guard_deny_twin_test.sh exit: 0 -----
===== heredoc_reach_test.sh =====
heredoc reach — the floor is inside, a project's own law is not

1. a guard rule sees the command line, including its later lines
  ok   - a plain argument is judged
  ok   - quoting does not hide it
  ok   - a second line does not hide it either

2. a guard rule does NOT see inside a heredoc body
  ok   - an unquoted heredoc body is out of reach of the project's own rules
  ok   - and so is a quoted one

3. the compiled laws are inside the heredoc
  ok   - the delete law refuses it stated plainly (the control)
  ok   - and refuses it inside a bash heredoc
  ok   - and inside a quoted sh heredoc
  ok   - the force-push law is in there too

4. naming a dangerous command is not running one
  ok   - a python body that prints the words is allowed
  ok   - nothing was executed — the canary is untouched

  11 passed, 0 failed
----- heredoc_reach_test.sh exit: 0 -----
===== truth_level_order_test.sh =====
  measured: suite=3 build=2 syntax=1 none=0
  ok   - the suite repo is detected as a suite
  ok   - nothing runnable is 0
  ok   - the scale is monotonic: suite > build > syntax > none
  ok   - the printed line agrees with the documented legend
  ok   - --help still documents 3 SUITE and 1 SYNTAX

truth_level_order_test: 5 ok, 0 failed
----- truth_level_order_test.sh exit: 0 -----
===== cmdtext_test.sh =====
== unit: what still counts as a command ==
  ok   plain force-push
  ok   quoted operand unquoted
  ok   chained with &&
  ok   chained with ;
  ok   chained with |
  ok   subshell
  ok   command substitution
  ok   cmdsubst inside dquotes
  ok   backticks inside dquotes
  ok   bash -c string
  ok   sh -c string
  ok   bash -lc cluster
  ok   eval string
  ok   nested bash -c in bash -c
  ok   env wrapper
  ok   trailing comment kept
  ok   escaped quote in message
  ok   heredoc, command after

== unit: what is data ==
  ok   commit -m message
  ok   commit -m, push after
  ok   heredoc body
  ok   heredoc unquoted delim
  ok   heredoc <<- tabs
  ok   two heredocs one line
  ok   echo single quoted
  ok   printf format string
  ok   prompt to an agent
  ok   python3 -c is not a shell
  ok   for-loop word list
  ok   whole-line comment
  ok   shell var holding json
  ok   escaped space in message

== unit: parse failure is declared, not guessed ==
  ok   declared: unterminated double quote
  ok   declared: heredoc <<EOF never terminated
  ok   declared: unterminated single quote
  ok   degraded line falls back to whole-line matching

== e2e positives: the rule still fires (checked BEFORE any negative) ==
  ok   force-push to main -> BLOCK
  ok   force-push, -f short -> BLOCK
  ok   force-push, quoted branch -> BLOCK
  ok   force-push via bash -c -> BLOCK
  ok   force-push via sh -c -> BLOCK
  ok   force-push via eval -> BLOCK
  ok   force-push in a subshell -> BLOCK
  ok   force-push after && -> BLOCK
  ok   hard reset to main -> BLOCK
  ok   hard reset via bash -c -> BLOCK
  ok   wrangler deploy -> BLOCK
  ok   wrangler deploy after cd -> BLOCK

== e2e negatives: the same text, carried as data ==
  ok   commit message -> ALLOW
  ok   commit message then push -> ALLOW
  ok   heredoc body (deploy) -> ALLOW
  ok   heredoc body (force-push) -> ALLOW
  ok   heredoc body (reset) -> ALLOW
  ok   prompt to an agent -> ALLOW
  ok   python -c list of strings -> ALLOW
  ok   echo of a gate fixture -> ALLOW
  ok   for-loop word list -> ALLOW
  ok   comment only -> ALLOW
  ok   deploy word in a message -> ALLOW

== e2e: an unparseable line is judged the old way, and refused ==
  ok   degraded still refuses -> BLOCK
  ok   the degraded parse is in the ledger, not silent
  ok   canary intact (judging is not running)

PASS (61 checks)
----- cmdtext_test.sh exit: 0 -----
===== git_alias_test.sh =====
== unit: the subcommand git resolves, not the token that was typed ==
  ok   alias body becomes argv
  ok   trailing args are appended
  ok   alias name folds case (def)
  ok   alias name folds case (use)
  ok   section folds case
  ok   aliases chain
  ok   last definition wins
  ok   globals and alias together
  ok   bang body is a shell program
  ok   bang body gets the args
  ok   config-env is a named limit

== unit: an alias definition does not invent a command ==
  ok   alias defined, not invoked
  ok   alias loop terminates
  ok   not an alias key

== e2e: the alias hole, against the three compiled-in laws (no guard.json) ==
  ok   the reported command
  ok   args after the alias
  ok   alias name folds case
  ok   invoked in another case
  ok   chained aliases
  ok   last definition wins
  ok   -C global plus alias
  ok   the + refspec via alias
  ok   hard reset via alias
  ok   bang alias, force-push
  ok   bang alias, args appended
  ok   bang alias, rm outside
  ok   alias inside sh -lc
  ok   alias inside eval

== e2e: the same shapes reach the user rule layer ==
  ok   guard.json + alias
  ok   guard.json + chained alias
  ok   guard.json + bang alias

== e2e: the legitimate twin of every case above still runs ==
  ok   alias of a read
  ok   alias of a log
  ok   alias with lease
  ok   alias, force to own branch
  ok   alias, plain push
  ok   alias defined, not invoked
  ok   bang alias of a read
  ok   bang alias, rm inside
  ok   reset --hard to a local ref
  ok   -c that is not an alias
  ok   -c http.proxy then push
  ok   guard.json + read alias
  ok   the alias in a commit msg
  ok   the alias in an echo

== exec: the OTHER caller of the rule engine, and it is handed argv ==
  ok   exec: alias force-push
  ok   exec: alias hard reset
  ok   exec: bang alias
  ok   exec: alias of a read
  ok   exec: alias with lease
  ok   exec: force to own branch
  ok   exec: the refused commands never reached git
  ok   exec: the allowed alias did reach git (the stub is really on PATH)

== e2e: the plain spellings did not stop working ==
  ok   plain force-push
  ok   plain hard reset
  ok   global option walk
  ok   plain push
  ok   force-with-lease
  ok   rm inside the project

== canaries ==
  ok   the fake git/rm on PATH were never called (judging is not running)
  ok   the rm -rf target still holds its canary file
  ok   the repo under judgement still points at the same commit
  ok   the judged repo never had a remote to force-push to

PASS (63 checks)
----- git_alias_test.sh exit: 0 -----
===== short_cluster_test.sh =====
== premise: what git does with a clustered short option ==
  ok   a plain push of a rewound branch is rejected (so the next line proves force)
  ok   push -fu FORCED the remote back to 29867d4 (it was c272f3f)
  ok   push -fu also set upstream, so the u in it is --set-upstream
  ok   git accepts 'push -fu' as options (it reached the remote lookup)
  ok   git accepts 'push -qf' as options (it reached the remote lookup)
  ok   git accepts 'push -fq' as options (it reached the remote lookup)
  ok   git accepts 'push -uf' as options (it reached the remote lookup)
  ok   git accepts 'push -qfu' as options (it reached the remote lookup)
  ok   an unknown letter in a cluster is refused by git, not ignored
  ok   git's OWN options do not cluster (-pv is unknown), so the split starts at the subcommand
  ok   the same for -pC, a global that takes a value

== unit: the options a cluster carries ==
  ok   -fu is --force --set-upstream
  ok   order does not matter
  ok   company does not matter
  ok   a cluster with no operands
  ok   globals then a cluster
  ok   an alias body carries one
  ok   a single short option is one

== unit: what a cluster is NOT (the split invents nothing) ==
  ok   git's own options do not cluster
  ok   a global taking a value
  ok   a long option is not a cluster
  ok   an attached value with a dot
  ok   an attached value with a hyphen
  ok   an attached count is a number
  ok   an attached count after a letter
  ok   after -- it is a path, not flags
  ok   a letters-only attached value (named limit)

== e2e: the cluster against the three compiled-in laws (no guard.json) ==
  ok   the reported command
  ok   sibling -qf
  ok   sibling -fq
  ok   sibling -uf
  ok   three letters
  ok   no refspec, current branch
  ok   no refspec, remote only
  ok   the + refspec and a cluster
  ok   a global before it
  ok   inside sh -lc
  ok   inside eval
  ok   inside an alias body
  ok   inside a loop body
  ok   inside a function body
  ok   after a && chain

== e2e: the same shapes reach the user rule layer ==
  ok   guard.json + -fu
  ok   guard.json + -qf
  ok   guard.json + -qfu
  ok   guard.json + alias body
  ok   guard.json + sh -lc

== e2e: the legitimate twin of every case above still runs ==
  ok   -u alone
  ok   -q alone
  ok   -qu, no f in it
  ok   a cluster to a private branch
  ok   a lease push with -u
  ok   a lease push, cluster order
  ok   a fetch cluster
  ok   an attached push option
  ok   a separated push option
  ok   commit with -am
  ok   commit with an attached msg
  ok   log with a count
  ok   the cluster in a commit msg
  ok   the cluster in an echo
  ok   guard.json + -qu
  ok   guard.json + private branch

== e2e: the plain spellings did not stop working ==
  ok   plain force-push
  ok   -f as its own word
  ok   plain hard reset
  ok   rm -rf outside the project
  ok   plain push
  ok   force-with-lease
  ok   rm -rf inside the project

== canaries ==
  ok   the fake git/rm on PATH were never called (judging is not running)
  ok   the rm -rf target still holds its canary file
  ok   the repo under judgement still points at the same commit
  ok   the judged repo never had a remote to force-push to

PASS (74 checks)
----- short_cluster_test.sh exit: 0 -----
===== long_option_prefix_test.sh =====
== premise: what git does with a shortened long option ==
  ok   push --delete deletes refs/heads/main on the remote
  ok   push --dele deletes refs/heads/main on the remote
  ok   push --del deletes refs/heads/main on the remote
  ok   push --de deletes refs/heads/main on the remote
  ok   git refuses push --d (exit 129), so nothing may expand it
  ok   push --mirror mirrors the refspace (it writes refs/heads/main)
  ok   push --mirr mirrors the refspace (it writes refs/heads/main)
  ok   push --mir mirrors the refspace (it writes refs/heads/main)
  ok   push --mi mirrors the refspace (it writes refs/heads/main)
  ok   push --m mirrors the refspace (it writes refs/heads/main)
  ok   push --all --force writes every branch, main among them
  ok   push --al --force writes every branch, main among them
  ok   git refuses push --a (exit 129), so nothing may expand it
  ok   push --force is exact, though --force-with-lease/--force-if-includes share the prefix
  ok   git refuses push --forc (exit 129), so nothing may expand it
  ok   git refuses push --for (exit 129), so nothing may expand it
  ok   git refuses push --fo (exit 129), so nothing may expand it
  ok   git refuses push --f (exit 129), so nothing may expand it
  ok   push --tag --force writes tags and no branch (same as --tags)
  ok   reset --hard feat moved HEAD, so it is --hard
  ok   reset --har feat moved HEAD, so it is --hard
  ok   reset --ha feat moved HEAD, so it is --hard
  ok   reset --h feat moved HEAD, so it is --hard
  ok   git refuses reset --m (exit 129), so nothing may expand it
  ok   reset --mi is a real option and is NOT --hard
  ok   reset --so is a real option and is NOT --hard

== unit: the option a prefix names ==
  ok   --del is --delete
  ok   --dele is --delete
  ok   --de is --delete
  ok   --mir is --mirror
  ok   --m is --mirror
  ok   --al is --all
  ok   --har is --hard
  ok   --h is --hard
  ok   --tag is --tags
  ok   --force-w is a lease
  ok   globals then a prefix
  ok   an alias body carries one
  ok   a prefix beside a cluster

== unit: what the pass refuses to guess (git refuses it too) ==
  ok   --d is ambiguous
  ok   --d is not --dry-run either
  ok   --a is ambiguous
  ok   --f is ambiguous
  ok   --fo is ambiguous
  ok   --m on reset is ambiguous
  ok   a harmless prefix stays harmless
  ok   reset --mi is --mixed, not --hard
  ok   after -- it is an operand
  ok   an unrelated subcommand is untouched
  ok   --force stays --force
  ok   --dr is --dry-run
  ok   reset --mi is --mixed

== e2e: the four reported commands, against the compiled-in laws (no guard.json) ==
  ok   git push --del origin main
  ok   git push --mir origin
  ok   git reset --har main
  ok   git push --al --force origin

== e2e: the rest of each family ==
  ok   --dele
  ok   --de
  ok   --de on master
  ok   --mirr
  ok   --mi
  ok   --m, one letter
  ok   --al -f
  ok   --al and a short cluster
  ok   reset --ha
  ok   reset --h, one letter
  ok   reset --har onto origin/main

== e2e: the same shapes wrapped the way an agent writes them ==
  ok   a global before it
  ok   inside sh -lc
  ok   inside eval
  ok   inside an alias body
  ok   inside a loop body
  ok   inside a function body
  ok   after a && chain

== e2e: the user rule layer sees the full name too ==
  ok   guard.json + --del
  ok   guard.json + --mir
  ok   guard.json + reset --har
  ok   guard.json + sh -lc
  ok   guard.json judges --del as --delete, private branch (both exit 2)
  ok   guard.json judges --mir as --mirror (both exit 2)
  ok   no guard.json: --de as --delete, private branch (both exit 0)
  ok   no guard.json: --ha as --hard, local ref (both exit 0)
  ok   no guard.json: --dr as --dry-run (both exit 0)

== e2e: the legitimate twin of every case above still runs ==
  ok   deleting your OWN branch
  ok   --de on your own branch
  ok   --al with no force
  ok   --dr, a dry run
  ok   --dry-run spelled out
  ok   --po, machine-readable output
  ok   --at, an atomic push
  ok   --force-w, a lease push
  ok   --force-with-lease spelled out
  ok   --tag --force writes no branch
  ok   --tags --force, spelled out
  ok   reset --mi, a mixed reset
  ok   reset --so, a soft reset
  ok   reset --ha onto a local ref
  ok   an ambiguous prefix git refuses
  ok   reset's ambiguous --m
  ok   a prefix after --
  ok   the prefix inside a commit msg
  ok   the prefix inside an echo
  ok   guard.json + --dr
  ok   guard.json + a plain push

== e2e: the plain spellings did not stop working ==
  ok   plain force-push
  ok   plain branch delete
  ok   plain mirror push
  ok   plain hard reset
  ok   the short cluster still splits
  ok   rm -rf outside the project
  ok   plain push
  ok   force-with-lease
  ok   rm -rf inside the project

== canaries ==
  ok   the fake git/rm on PATH were never called (judging is not running)
  ok   the rm -rf target still holds its canary file
  ok   the repo under judgement still points at the same commit
  ok   the feature-branch repo still points at the same commit
  ok   proj never had a remote to delete a branch on
  ok   onfeat never had a remote to delete a branch on
  ok   guarded never had a remote to delete a branch on

PASS (120 checks)
----- long_option_prefix_test.sh exit: 0 -----
===== bypass_test.sh =====
bypass: the forms that walked past hand-written guards
  ok   - caught: git push --force origin main
  ok   - caught: git push -f origin master
  ok   - caught: git push origin +master
  ok   - caught: git push origin +refs/heads/main
  ok   - caught: git -C /any/path push --force origin master
  ok   - caught: git --exec-path=/x push --force origin main
  ok   - caught: git --git-dir=/x --work-tree=/y push -f origin main
  ok   - caught: cd /tmp && git push --force origin main
  ok   - caught: rm -rf ~/Documents
  ok   - caught: rm -rf /
  ok   - caught: git reset --hard origin/main

bypass: ordinary work, which must not be touched
  ok   - allowed: git push origin feature/my-branch
  ok   - allowed: git push --force-with-lease origin my-branch
  ok   - allowed: git push --force origin my-personal-branch
  ok   - allowed: npm test && git push origin feature/x
  ok   - allowed: rm -rf ./build
  ok   - allowed: rm -rf node_modules
  ok   - allowed: git reset --hard HEAD~1
  ok   - allowed: echo "git push --force origin main"

bypass: the same two directions, through a project's own rule
  ok   - user rule + git globals: the stripped form is matched too
  ok   - user rule + segments: a -f in another command no longer trips it
  ok   - user rule still refuses what it was written for

bypass: 22 passed, 0 failed
----- bypass_test.sh exit: 0 -----
===== assign_prefix_test.sh =====
  ok   - the test repo has no remote (a force-push that escapes reaches nothing)
assignment prefix: a slash in the VALUE must not switch the laws off
  ok   - blocked: FOO=/x git push --force origin main
  ok   - allowed: FOO=/x git push origin feature/x
  ok   - blocked: env FOO=/x git push --force origin main
  ok   - allowed: env FOO=/x git push --force-with-lease origin main
  ok   - blocked: GIT_DIR=/x/.git git push --force origin main
  ok   - allowed: GIT_DIR=/x/.git git status
  ok   - blocked: A=/a B=/b git push -f origin main
  ok   - allowed: A=/a B=/b npm test
  ok   - blocked: TMPDIR=/tmp/mine git reset --hard origin/main
  ok   - allowed: TMPDIR=/tmp/mine git reset --hard HEAD~1
  ok   - blocked: FOO=/x rm -rf $HOME/Documents
  ok   - allowed: FOO=/x rm -rf ./build
  ok   - blocked: LD_LIBRARY_PATH=/usr/local/lib sudo git push --force origin main
  ok   - allowed: LD_LIBRARY_PATH=/usr/local/lib sudo npm ci

the other two spellings of an assignment prefix a shell accepts
  ok   - blocked: FOO+=/x git push --force origin main
  ok   - allowed: FOO+=/x git push origin feature/x
  ok   - blocked: arr[0]=/x git push --force origin main
  ok   - allowed: arr[0]=/x npm test
  ok   - blocked: FOO=/x BAR+=/y git push --force origin main
  ok   - allowed: FOO=/x BAR+=/y npm run build
  ok   - blocked: arr[]=/x git push --force origin main
  ok   - allowed: arr[]=/x echo ok

and the words a shell does NOT accept as assignments stay command words
  ok   - allowed: FOO+bar=/x git push --force origin main
  ok   - allowed: arr[0=/x git push --force origin main

the control twins: no slash at all, which already worked and must keep working
  ok   - blocked: FOO=x git push --force origin main
  ok   - allowed: FOO=x git push origin feature/x

ordinary env-prefixed work, which is most of what these prefixes are for
  ok   - allowed: NODE_ENV=production npm run build
  ok   - allowed: PATH=/usr/local/bin:$PATH make test
  ok   - allowed: TMPDIR=/tmp/mine rm -rf /tmp/mine/scratch
  ok   - allowed: CARGO_TARGET_DIR=/tmp/t cargo build --release
  ok   - allowed: FOO=/x echo "git push --force origin main"

a word with '=' is not automatically an assignment: the NAME rules still hold
  ok   - allowed: 2FOO=/x git push --force origin main
  ok   - allowed: bin/tool=v2 --release

the same parser, reached through exec (rabadon-sandbox), not the hook
  ok   - exec refuses it too, and the stub git was never called
  ok   - exec still runs the harmless twin (FOO=/x git status)

what a real shell does with these lines (the evidence, with stubs on PATH)
    | git push --force origin main
    | rm -rf /tmp/rabadon-assign-test.X0mDce/home/Documents
    | git push -f origin main
    | git push -f origin main
    | git push -f origin main
  ok   - a real bash DOES run the force-push behind FOO=/x (so the gate must judge it)
  ok   - a real bash DOES run the delete behind FOO=/x
  ok   - a real bash treats FOO+=, arr[0]= and arr[]= as prefixes and runs git behind all three
  ok   - and it reaches git behind NEITHER 2FOO=/x, FOO+bar=/x nor arr[0=/x (allowing those is correct)

  ok   - canary intact after the whole suite (judging is not running)

assign-prefix: 41 passed, 0 failed
----- assign_prefix_test.sh exit: 0 -----
===== reserved_word_test.sh =====
reserved words: what the shell actually runs (fake git, fake rm, nothing deleted, nothing pushed)
  ok   - the shell runs it: a brace group
  ok   - the shell runs it: the then branch
  ok   - the shell runs it: a loop body
  ok   - the shell runs it: a negated command
  ok   - the shell runs it: the else branch
  ok   - the shell runs it: a case arm
  ok   - the shell runs it: a for-loop body deletes
  ok   - the fakes ran instead of the real git and rm: nothing was pushed or deleted
reserved words: refused (the escape, in every spelling that carries it)
  ok   - refused: a brace group
  ok   - refused: a brace group with a tab after the brace
  ok   - refused: a brace group nested in a brace group
  ok   - refused: the then branch
  ok   - refused: the condition of an if
  ok   - refused: a negated condition
  ok   - refused: the else branch
  ok   - refused: the elif branch
  ok   - refused: a while-loop body
  ok   - refused: an until-loop condition
  ok   - refused: a for-loop body
  ok   - refused: a negated command
  ok   - refused: a negated command with padding
  ok   - refused: a case arm
  ok   - refused: a reserved word under the time keyword
  ok   - refused: a hard reset in a brace group
  ok   - refused: a recursive delete of / in a brace group
  ok   - refused: a recursive delete in a for-loop body
  ok   - refused: a recursive delete of a home dir in the then branch
  ok   - refused: a brace group inside a shell string
  ok   - refused: a brace group behind a wrapper
  ok   - the refusal carries the force-push law's id
  ok   - the message names the shared branch the push was going to
  ok   - the refusal is on the ledger under the baseline id
reserved words: still allowed (the work this must not cut)
  ok   - allowed: an ordinary push in a brace group
  ok   - allowed: an ordinary push in the then branch
  ok   - allowed: a negated ordinary push
  ok   - allowed: the safe force in a brace group
  ok   - allowed: a force-push to your own branch in a brace group
  ok   - allowed: a local hard reset in a brace group
  ok   - allowed: a build dir delete in a brace group
  ok   - allowed: a node_modules delete in the then branch
  ok   - allowed: a scratch delete in the else branch
  ok   - allowed: a scratch delete in a loop body
  ok   - allowed: an ordinary push in a case arm
  ok   - allowed: an ordinary push as an until condition
  ok   - allowed: the words as a commit message
  ok   - allowed: the words as an echoed string
  ok   - allowed: the words inside a single-quoted argument
  ok   - allowed: a status check in a brace group
  ok   - allowed: a fetch in a loop body
  ok   - allowed: a reserved word as a plain argument
  ok   - allowed: the same line inside a heredoc body is prose, not a program
  ok   - allowed: `{git` is a command name the shell cannot run, not a brace group
  ok   - the canary in the home dir survived judging every command above
  ok   - the canary in the lab survived
  ok   - /tmp, /etc and the home dir are still on the machine
reserved words: 55 passed, 0 failed
----- reserved_word_test.sh exit: 0 -----
===== unknown_wrapper_test.sh =====
unknown wrappers: what a shell actually runs (fake git, fake rm, nothing deleted, nothing pushed)
  ok   - the shell runs it: a wrapper the table never heard of
  ok   - the shell runs it: the same wrapper with its own options
  ok   - the shell runs it: the same wrapper ending its options
  ok   - the shell runs it: an unknown wrapper in front of a known one
  ok   - the shell runs it: a two-line helper inside the repo
  ok   - the shell runs it: a name that merely starts with a listed one
  skip - caffeinate is not on this machine; the shape cases below still run
  ok   - the fakes ran instead of the real git and rm: nothing was pushed or deleted
unknown wrappers: refused (the escape, in the spellings that carry it)
  ok   - refused: the reported command
  ok   - refused: the same wrapper with no options
  ok   - refused: a force-push behind the same wrapper
  ok   - refused: a hard reset behind the same wrapper
  ok   - refused: a wrapper name no table has
  ok   - refused: the same, with a long option
  ok   - refused: the same, with clustered short options
  ok   - refused: the same, after an explicit end of options
  ok   - refused: a branch delete behind an unknown wrapper
  ok   - refused: an unknown wrapper in front of a known one
  ok   - refused: a known wrapper in front of an unknown one
  ok   - refused: an unknown wrapper in front of a shell
  ok   - refused: caffeinate in front of a shell
  ok   - refused: a recursive delete of / behind an unknown wrapper
  ok   - refused: a two-line helper inside the repo
  ok   - refused: a name that merely starts with a listed wrapper
  ok   - refused: an unknown wrapper inside a brace group
  ok   - refused: an unknown wrapper behind an assignment
  ok   - refused: an unknown wrapper in the then branch
  ok   - the refusal carries the delete law's id
  ok   - the refusal behind an unknown name carries the push law's id
  ok   - the refusal is on the ledger under the baseline id
unknown wrappers: still allowed (the work this must not cut)
  ok   - allowed: the twin of the reported command: a build dir
  ok   - allowed: a node_modules delete behind the wrapper
  ok   - allowed: a scratch delete behind the wrapper
  ok   - allowed: an ordinary push behind the wrapper
  ok   - allowed: a force-push to your own branch behind the wrapper
  ok   - allowed: a local hard reset behind the wrapper
  ok   - allowed: a status check behind the wrapper
  ok   - allowed: a long job that is neither git nor rm
  ok   - allowed: a flag that eats a value, then an ordinary build
  ok   - allowed: the wrapper on its own
  ok   - allowed: a scratch delete behind an unknown wrapper
  ok   - allowed: a build delete behind an unknown wrapper
  ok   - allowed: an ordinary command behind an unknown wrapper
  ok   - allowed: the words as an echoed string
  ok   - allowed: the same, with echo's own option first
  ok   - allowed: a force-push echoed, not run
  ok   - allowed: the whole line quoted as data
  ok   - allowed: a grep whose pattern is the word rm
  ok   - allowed: a grep whose pattern is the word rm, flag after
  ok   - allowed: a word carrying = that is not an assignment
  ok   - allowed: a subscript that was never closed
  ok   - allowed: a name that may not start with a digit
  ok   - allowed: asking where a binary is
  ok   - allowed: the line as a commit message
  ok   - allowed: a delete of the project's own tree behind the wrapper
  ok   - allowed: the same line inside a heredoc body is prose, not a program
  ok   - allowed: a name that merely contains a command name is not a wrapper
  ok   - named limit: an unlisted wrapper whose option eats a separate value is still missed
  ok   - the canary in the home dir survived judging every command above
  ok   - the directory the reported command targeted is still there
  ok   - the canary in the lab survived
  ok   - /tmp, /etc and the home dir are still on the machine
unknown wrappers: 61 passed, 0 failed
----- unknown_wrapper_test.sh exit: 0 -----
===== shell_function_test.sh =====
== unit: a body that gets called is a command that runs ==
  ok   the red team's line
  ok   a space before the parens
  ok   the function keyword
  ok   the function keyword with parens
  ok   the brace on its own line
  ok   the multiline body, still caught
  ok   the delete law through a name
  ok   the reset law through a name
  ok   one function calling another
  ok   called twice, still once is enough
  ok   the call is not the last thing on the line
  ok   a bare brace group runs what is inside it

== unit: a definition binds a name, it does not run a body ==
  ok   defined, never called
  ok   defined multiline, never called
  ok   a different name is called
  ok   the name is quoted data

== unit: a recursive name terminates ==
  ok   a function that calls itself does not hang the parser
  ok   two functions calling each other do not hang the parser
  ok   a recursive body with a real command in it still returns

== e2e: the line the red team proved, against the compiled-in laws ==
  ok   A. the red team's line
  ok   B. a space before the parens
  ok   C. the function keyword
  ok   D. the function keyword with parens
  ok   E. the delete law through a name
  ok   F. the reset law through a name
  ok   G. one function calling another
  ok   H. the call is not last
  ok   I. a bare brace group
  ok   J. the multiline spelling stays blocked

== e2e: the twins — a name is not a crime ==
  ok   a helper that pushes without --force
  ok   a helper that uses the lease
  ok   a helper that forces a branch of her own
  ok   a status helper
  ok   a helper that deletes its own build output
  ok   defined and never called
  ok   defined, and something else is called
  ok   the whole thing as quoted data
  ok   a helper whose body PRINTS the line
  ok   a bare brace group that is harmless
  ok   the shape every engineer writes

== the shield held ==
  ok   no git/rm/bash/sh/zsh/dash was executed (judging is not running)
  ok   the canary under $HOME survived
  ok   the judged repo's HEAD did not move
  ok   the judged repo still has no remote (a force-push had nowhere to land)

PASS (44 checks)
----- shell_function_test.sh exit: 0 -----
===== loop_body_test.sh =====
loop body: what the shell really runs (measured, not argued)
  ok   - the one-line loop hands git exactly 'push --force origin main' — the body is a real force-push
  ok   - the cross-product loop pushes backup/x and backup/main and NEVER main — a fix that refuses it is refusing work that does not exist
  ok   - a while-loop body with no variable in it runs the same force-push
  ok   - a loop body hands rm a recursive delete of a directory outside the project
  ok   - the fakes deleted and pushed nothing: section 1 is proved without paying for it
loop body: refused (the leak, and every keyword that hides it the same way)
  ok   - refused: the leak itself: a force-push wrapped in a one-line for loop
  ok   - refused: the same, braced expansion
  ok   - refused: a list where only the last value is shared
  ok   - refused: a list where only the first value is shared
  ok   - refused: the loop variable carrying a fully qualified ref
  ok   - refused: the loop variable carrying the remote-qualified ref
  ok   - refused: the loop variable carrying the git SUBCOMMAND
  ok   - refused: the short force flag, in a loop
  ok   - refused: the force refspec form, in a loop
  ok   - refused: no variable at all: a while loop
  ok   - refused: no variable at all: an until loop
  ok   - refused: the then branch of a conditional
  ok   - refused: the else branch of a conditional
  ok   - refused: the elif branch of a conditional
  ok   - refused: the CONDITION of a conditional is a command too
  ok   - refused: the head of a while loop is a command too
  ok   - refused: negation in command position
  ok   - refused: a brace group
  ok   - refused: a hard reset inside a loop
  ok   - refused: a hard reset behind then
  ok   - refused: a recursive delete outside the project, carried by the loop variable
  ok   - refused: a recursive delete outside the project, behind do, spelled out
  ok   - refused: a recursive delete outside the project, behind then
  ok   - refused: a recursive delete outside the project, behind else
  ok   - refused: one value of the list lands outside the project
  ok   - refused: the loop nested under a shell -c string
  ok   - refused: the loop chained after ordinary work
  ok   - refused: the multi-line loop, do and done on their own lines
  ok   - refused: the leak in a project that also has its own deny rules
loop body: still allowed (the twins — refusing these is how the gate gets turned off)
  ok   - allowed: force-pushing one's own branch from a loop
  ok   - allowed: force-pushing several of one's own branches
  ok   - allowed: THE CROSS-PRODUCT TWIN: every value lands under a prefix of the caller's own
  ok   - allowed: the same shape with the value at the end of the name
  ok   - allowed: a loop that pushes main without forcing it
  ok   - allowed: --force-with-lease is the legitimate spelling, loop or not
  ok   - allowed: a while loop pushing a feature branch
  ok   - allowed: a conditional pushing a feature branch
  ok   - allowed: a loop over branches that only reads them
  ok   - allowed: a loop that prints its variable
  ok   - allowed: a loop whose list the line cannot see stays waived
  ok   - allowed: the whole loop as an argument to echo is data, not code
  ok   - allowed: the whole loop inside a commit message is data, not code
  ok   - allowed: a loop body that only echoes the dangerous string
  ok   - allowed: a loop deleting the project's own build dirs
  ok   - allowed: a loop deleting scratch dirs it made under the temp root
  ok   - allowed: THE TWIN OF THE DELETE BLOCK: same loop, a target the temp carve-out covers
  ok   - allowed: a reserved word as an ARGUMENT is not a command
  ok   - allowed: a file whose name is a reserved word, inside the project
  ok   - allowed: the reserved word quoted is a command name, not a keyword
  ok   - the canary in HOME is untouched
  ok   - the file outside the project is untouched
  ok   - the project's own directories are untouched

loop_body_test: 57 ok, 0 failed  (29 must-block, 20 must-not-block)
PASS
----- loop_body_test.sh exit: 0 -----
===== script_wrapper_test.sh =====
script(1): what the recorder actually runs (fake git, fake rm, under a pty, nothing pushed or deleted)
  skip - no usable pty here, so script(1) cannot be measured on this machine
script(1): refused (the escape, in every spelling that carries it)
  ok   - refused: the reported escape
  ok   - refused: a recording with no options
  ok   - refused: a recording into a real file
  ok   - refused: the short force spelling
  ok   - refused: a flush interval given separately
  ok   - refused: a flush interval after other options
  ok   - refused: a cluster whose last flag takes the value
  ok   - refused: a cluster of booleans
  ok   - refused: an appended recording
  ok   - refused: a hard reset under a recording
  ok   - refused: a branch delete under a recording
  ok   - refused: a recursive delete under a recording
  ok   - refused: a home dir delete under a recording
  ok   - refused: a recording under sudo
  ok   - refused: a recording under xargs
  ok   - refused: a timeout under a recording
  ok   - refused: a recording under a timeout
  ok   - refused: an assignment prefix before a recording
  ok   - refused: an env prefix inside a recording
  ok   - refused: a shell string under a recording
  ok   - refused: a recording inside a brace group
  ok   - refused: a recording in the then branch
  ok   - refused: a recording by absolute path
  ok   - the refusal carries the force-push law's id
  ok   - the message names the shared branch the push was going to
  ok   - the refusal is on the ledger under the baseline id
script(1): still allowed (the work this must not cut)
  ok   - allowed: the file operand IS the first word, so nothing is pushed
  ok   - allowed: the same, with the delete spelling
  ok   - allowed: an interactive recording with a file
  ok   - allowed: an interactive recording, quiet
  ok   - allowed: the recorder with nothing after it
  ok   - allowed: an ordinary push under a recording
  ok   - allowed: a status check under a recording
  ok   - allowed: a test run under a recording
  ok   - allowed: an install under a recording
  ok   - allowed: the safe force under a recording
  ok   - allowed: a force to your own branch under a recording
  ok   - allowed: a local hard reset under a recording
  ok   - allowed: a build dir delete under a recording
  ok   - allowed: a node_modules delete under a recording
  ok   - allowed: a scratch delete under a recording
  ok   - allowed: a fetch under a recording in a loop
  ok   - allowed: the words as a commit message
  ok   - allowed: the words as an echoed string
  ok   - allowed: the words inside a single-quoted argument
  ok   - allowed: a file whose NAME starts with script
  ok   - allowed: a helper under a directory called script
  ok   - allowed: the same line inside a heredoc body is prose, not a program
  ok   - allowed: `scripted` is a different command name, not the recorder
  ok   - the canary in the home dir survived judging every command above
  ok   - the canary in the lab survived
  ok   - /tmp, /etc and the home dir are still on the machine
script(1) wrapper: 52 passed, 0 failed
----- script_wrapper_test.sh exit: 0 -----
===== wrapper_exec_test.sh =====
wrappers: what the shell actually runs (fake git, fake rm, no remote, nothing deleted)
  --   - skipped, not on this machine: caffeinate, bare (caffeinate)
  --   - skipped, not on this machine: caffeinate with an assertion (caffeinate)
  --   - skipped, not on this machine: caffeinate with a clustered set (caffeinate)
  --   - skipped, not on this machine: caffeinate whose -t eats a word (caffeinate)
  --   - skipped, not on this machine: caffeinate ending options at -- (caffeinate)
  --   - skipped, not on this machine: caffeinate reaching rm (caffeinate)
  --   - skipped, not on this machine: sandbox-exec with a profile (sandbox-exec)
  ok   - the fakes ran instead of the real git and rm: nothing was pushed or deleted
  ok   - even the directory the fake rm was aimed at is still there
  ok   - the lab repo has no remote, so no push in this file could have left the machine

wrappers: refused (the escape, in every spelling that carries it)
  ok   - refused: caffeinate holding a shared-branch force-push open
  ok   - refused: caffeinate with an assertion flag
  ok   - refused: caffeinate with a clustered assertion set
  ok   - refused: caffeinate whose -t eats the next word
  ok   - refused: caffeinate whose -t carries its value joined
  ok   - refused: caffeinate whose -w eats a pid
  ok   - refused: caffeinate ending its options with --
  ok   - refused: caffeinate spelled by absolute path
  ok   - refused: caffeinate carrying the short force flag
  ok   - refused: caffeinate carrying a force refspec
  ok   - refused: caffeinate carrying a hard reset of a shared branch
  ok   - refused: caffeinate carrying a delete of the root
  ok   - refused: caffeinate carrying a delete of a home dir
  ok   - refused: caffeinate under sudo
  ok   - refused: caffeinate over sudo
  ok   - refused: caffeinate over env
  ok   - refused: caffeinate over nohup
  ok   - refused: caffeinate holding a shell open
  ok   - refused: caffeinate inside a brace group
  ok   - refused: caffeinate inside a loop body
  ok   - refused: caffeinate behind an assignment prefix
  ok   - refused: caffeinate in the second segment of a list
  ok   - refused: caffeinate with git's own global options after it
  ok   - refused: sandbox-exec with an inline profile
  ok   - refused: sandbox-exec with a profile file
  ok   - refused: sandbox-exec with a named profile
  ok   - refused: sandbox-exec whose -D eats a parameter
  ok   - refused: sandbox-exec carrying a delete of the root
  ok   - the refusal carries the force-push law's id
  ok   - the message names the shared branch the push was going to
  ok   - the delete behind the wrapper is refused by the delete law
  ok   - the refusal is on the ledger under the baseline id

wrappers: still allowed (the work this must not cut)
  ok   - allowed: caffeinate on an ordinary push
  ok   - allowed: caffeinate on the safe force
  ok   - allowed: caffeinate force-pushing your own branch
  ok   - allowed: caffeinate on a local hard reset
  ok   - allowed: caffeinate deleting the project's own build output
  ok   - allowed: caffeinate deleting node_modules
  ok   - allowed: caffeinate deleting a scratch dir under the temp root
  ok   - allowed: caffeinate on a status check
  ok   - allowed: caffeinate on a fetch
  ok   - allowed: caffeinate on a long test run
  ok   - allowed: caffeinate with no utility behind it at all
  ok   - allowed: the wrapper name inside a commit message
  ok   - allowed: the wrapper name echoed as text
  ok   - allowed: the wrapper name in a single-quoted argument
  ok   - allowed: sandbox-exec on an ordinary push
  ok   - allowed: sandbox-exec deleting the project's own build output
  ok   - allowed: the same line inside a heredoc body is prose, not a program
  ok   - the table entry is what reaches past a separate option value: -t eats its timeout
  ok   - the table entry is what reaches past a separate option value: -w eats its pid

  ok   - the canary in the home dir survived judging every command above
  ok   - the canary in the lab survived
  ok   - /tmp, /etc and the home dir are still on the machine

wrappers: 57 passed, 0 failed
----- wrapper_exec_test.sh exit: 0 -----
===== arch_wrapper_test.sh =====
== premise: what arch(1) does with the words after it ==
  --   not a mac with arch(1): the premise cannot be measured here, and the
  --        parser checks below still run (they execute nothing)

== unit: the command word behind arch ==
  ok   an arch name is skipped
  ok   the intel name too
  ok   the haswell name too
  ok   -arch takes a value word
  ok   -d takes a value word
  ok   -e takes a value word
  ok   -c takes none
  ok   a trailing e is part of a name
  ok   two arch names in a row
  ok   arch under a listed wrapper
  ok   a listed wrapper under arch
  ok   an absolute path to it
  ok   rm behind it

== unit: what the skip does NOT swallow ==
  ok   an arch name eats no word
  ok   -arm64e eats no word
  ok   the name is exact, not a prefix
  ok   and archey stays the command
  ok   bare arch names no command

== e2e: arch against the compiled-in laws (no guard.json) ==
  ok   the reported command
  ok   the intel name
  ok   the -arch spelling
  ok   a name with a trailing e
  ok   an env delete in front
  ok   an env set in front
  ok   a cleared environment
  ok   no refspec, current branch
  ok   the + refspec
  ok   a branch delete
  ok   the --delete spelling
  ok   a hard reset
  ok   a delete outside the project
  ok   an absolute path to arch
  ok   arch under sudo
  ok   sudo under arch
  ok   arch under env
  ok   inside sh -lc
  ok   inside eval
  ok   after a && chain
  ok   inside a loop body
  ok   inside a function body
  ok   the case-insensitive name

== e2e: the same shapes reach the user rule layer ==
  ok   guard.json + arch
  ok   guard.json + sh -lc

== e2e: the legitimate twin of every case above still runs ==
  ok   bare arch prints the machine
  ok   arch with a name and no cmd
  ok   a build under arch
  ok   an install under arch
  ok   an env set under arch
  ok   a status under arch
  ok   a plain push under arch
  ok   a private branch under arch
  ok   a lease push under arch
  ok   a private branch delete
  ok   a soft reset under arch
  ok   a scratch delete under arch
  ok   the line inside a commit msg
  ok   the line inside an echo
  ok   guard.json + private branch
  ok   guard.json + plain push

== e2e: the wrappers that were already listed did not change ==
  ok   plain force-push
  ok   sudo force-push
  ok   env -i force-push
  ok   timeout force-push
  ok   xargs bash -c force-push
  ok   nice force-push
  ok   plain push
  ok   sudo plain push
  ok   timeout plain push
  ok   rm -rf inside the project

== canaries ==
  ok   the fake git/rm/arch on PATH were never called (judging is not running)
  ok   the rm -rf target still holds its canary file
  ok   the repo under judgement still points at the same commit
  ok   the judged repo never had a remote to force-push to

PASS (73 checks)
----- arch_wrapper_test.sh exit: 0 -----
===== head_ref_test.sh =====
head as a refspec: what the shell runs and what git resolves (fake git, fake rm, no remote)
  ok   - the shell runs it: the bare HEAD refspec
  ok   - the shell runs it: the @ shorthand
  ok   - the shell runs it: the short force flag
  ok   - the shell runs it: the force refspec
  ok   - the fakes ran instead of the real git and rm: nothing was pushed or deleted
  ok   - git itself: HEAD is refs/heads/main in this repo
  ok   - git itself: @ is the same ref as HEAD
  ok   - the real repo has no remote: a push here could not reach anything
head as a refspec: refused while HEAD is on a shared branch
  ok   - refused on main (no guard.json): the bare HEAD refspec
  ok   - refused on main (no guard.json): the @ shorthand
  ok   - refused on main (no guard.json): the short force flag with HEAD
  ok   - refused on main (no guard.json): the force refspec form of HEAD
  ok   - refused on main (no guard.json): the force refspec form of @
  ok   - refused on main (no guard.json): HEAD behind a git global option
  ok   - refused on main (no guard.json): HEAD inside a shell string
  ok   - refused on main (no guard.json): HEAD in a brace group
  ok   - refused on main (no guard.json): HEAD in the then branch
  ok   - refused on main (no guard.json): HEAD after an ordinary command
  ok   - refused on master (no guard.json): the bare HEAD refspec
  ok   - refused on master (no guard.json): the @ shorthand
  ok   - refused on master (no guard.json): the short force flag with HEAD
  ok   - refused on master (no guard.json): the force refspec form of HEAD
  ok   - refused on master (no guard.json): the force refspec form of @
  ok   - refused on master (no guard.json): HEAD behind a git global option
  ok   - refused on master (no guard.json): HEAD inside a shell string
  ok   - refused on master (no guard.json): HEAD in a brace group
  ok   - refused on master (no guard.json): HEAD in the then branch
  ok   - refused on master (no guard.json): HEAD after an ordinary command
  ok   - refused on trunk (no guard.json): the bare HEAD refspec
  ok   - refused on trunk (no guard.json): the @ shorthand
  ok   - refused on trunk (no guard.json): the short force flag with HEAD
  ok   - refused on trunk (no guard.json): the force refspec form of HEAD
  ok   - refused on trunk (no guard.json): the force refspec form of @
  ok   - refused on trunk (no guard.json): HEAD behind a git global option
  ok   - refused on trunk (no guard.json): HEAD inside a shell string
  ok   - refused on trunk (no guard.json): HEAD in a brace group
  ok   - refused on trunk (no guard.json): HEAD in the then branch
  ok   - refused on trunk (no guard.json): HEAD after an ordinary command
  ok   - refused on develop (no guard.json): the bare HEAD refspec
  ok   - refused on develop (no guard.json): the @ shorthand
  ok   - refused on develop (no guard.json): the short force flag with HEAD
  ok   - refused on develop (no guard.json): the force refspec form of HEAD
  ok   - refused on develop (no guard.json): the force refspec form of @
  ok   - refused on develop (no guard.json): HEAD behind a git global option
  ok   - refused on develop (no guard.json): HEAD inside a shell string
  ok   - refused on develop (no guard.json): HEAD in a brace group
  ok   - refused on develop (no guard.json): HEAD in the then branch
  ok   - refused on develop (no guard.json): HEAD after an ordinary command
  ok   - refused with project deny rules present: the bare HEAD refspec
  ok   - refused with project deny rules present: the @ shorthand
  ok   - the refusal carries the force-push law's id
  ok   - the message names the branch HEAD resolved to, not the word HEAD
  ok   - the refusal is on the ledger under the baseline id
head as a refspec: the work this must not cut (HEAD on a branch that is hers)
  ok   - allowed on feat: the bare HEAD refspec, force-pushing her own branch
  ok   - allowed on feat: the @ shorthand on her own branch
  ok   - allowed on feat: the short force flag on her own branch
  ok   - allowed on feat: the force refspec form on her own branch
  ok   - allowed on feat: HEAD in a brace group on her own branch
  ok   - allowed on feat: HEAD after an ordinary command on her own branch
  ok   - allowed on my-branch: the bare HEAD refspec, force-pushing her own branch
  ok   - allowed on my-branch: the @ shorthand on her own branch
  ok   - allowed on my-branch: the short force flag on her own branch
  ok   - allowed on my-branch: the force refspec form on her own branch
  ok   - allowed on my-branch: HEAD in a brace group on her own branch
  ok   - allowed on my-branch: HEAD after an ordinary command on her own branch
  ok   - allowed on feature/login: the bare HEAD refspec, force-pushing her own branch
  ok   - allowed on feature/login: the @ shorthand on her own branch
  ok   - allowed on feature/login: the short force flag on her own branch
  ok   - allowed on feature/login: the force refspec form on her own branch
  ok   - allowed on feature/login: HEAD in a brace group on her own branch
  ok   - allowed on feature/login: HEAD after an ordinary command on her own branch
  ok   - allowed on release-notes: the bare HEAD refspec, force-pushing her own branch
  ok   - allowed on release-notes: the @ shorthand on her own branch
  ok   - allowed on release-notes: the short force flag on her own branch
  ok   - allowed on release-notes: the force refspec form on her own branch
  ok   - allowed on release-notes: HEAD in a brace group on her own branch
  ok   - allowed on release-notes: HEAD after an ordinary command on her own branch
head as a refspec: the work this must not cut (the word HEAD elsewhere)
  ok   - allowed: the safe force with HEAD
  ok   - allowed: the safe force with the @ shorthand
  ok   - allowed: an ordinary push of HEAD, no force
  ok   - allowed: the most ordinary line in git
  ok   - allowed: a hard reset one commit back
  ok   - allowed: a hard reset two commits back
  ok   - allowed: a hard reset to the ref, not the branch name
  ok   - allowed: a diff against HEAD
  ok   - allowed: a log against HEAD
  ok   - allowed: HEAD as a commit message
  ok   - allowed: HEAD echoed as a string
  ok   - allowed: a branch whose name merely starts with HEAD
  ok   - allowed: a branch whose name merely ends with HEAD
  ok   - allowed: a literal branch named HEAD, spelled in full
  ok   - allowed on main: a destination after a colon is a name — git push --force origin main:HEAD
  ok   - allowed on main: a destination after a colon is a name — git push --force origin feat:HEAD
  ok   - allowed on main: a destination after a colon is a name — git push --force origin HEAD:my-branch
  ok   - allowed on feat: a destination after a colon is a name — git push --force origin main:HEAD
  ok   - allowed on feat: a destination after a colon is a name — git push --force origin feat:HEAD
  ok   - allowed on feat: a destination after a colon is a name — git push --force origin HEAD:my-branch
  ok   - refused: HEAD:main names main as the destination, from any branch
  ok   - allowed: with a detached HEAD the refspec names no branch
head as a refspec: the resolution is scoped to push
  ok   - the hard-reset law still reads HEAD as a commit, on main
  ok   - the hard-reset law still refuses the shared branch by name
  ok   - the delete law is untouched: a build dir still goes
  ok   - the canary in the home dir survived judging every command above
  ok   - the canary in the lab survived
  ok   - the lab repo still has no remote: nothing left this machine
  ok   - /tmp, /etc and the home dir are still on the machine
head as a refspec: 106 passed, 0 failed
----- head_ref_test.sh exit: 0 -----
===== git_verbs_test.sh =====
git verbs — the ways to lose work that are not a force push

0. what git really does (measured here, not quoted)
  ok    git REFUSES 'push --forc': error: ambiguous option: forc (could be --force-with-lease or --force-if-includes)
  ok    @{upstream} resolves to refs/remotes/origin/main, so 'reset --hard @{u}' is a reset onto the shared branch
  ok    a local branch can hold 1 commit(s) no remote has — that is what -D discards
  ok    main holds 0 commits the remote does not, so deleting it locally is recoverable
  ok    clean -xfd would remove 3 paths including ignored files git never tracked

1. work that would be lost
  ok    refused: git reset --hard @{u}
  ok    refused: git reset --hard @{upstream}
  ok    refused: git reset --hard refs/remotes/origin/main
  ok    refused: git branch -D feat
  ok    refused: git branch --delete --force feat
  ok    refused: git clean -xfd
  ok    refused: git clean -xff
  ok    refused: git reflog expire --expire=now --all
  ok    refused: git gc --prune=now --aggressive
  ok    refused: rm -rf .git
  ok    refused: rm -rf ./.git
  ok    refused: git -C /tmp/rabadon-gitverbs.NO6yFE/proj clean -xfd

2. ordinary work that must still run
  ok    allowed: git push --forc origin main
  ok    allowed: git reset --hard HEAD
  ok    allowed: git reset --hard HEAD~1
  ok    allowed: git reset --hard
  ok    allowed: git branch -d feat
  ok    allowed: git branch -D old-merged-branch-with-nothing-on-it
  ok    allowed: git branch -D fully-pushed
  ok    allowed: git clean -n
  ok    allowed: git clean -nd
  ok    allowed: git clean -fd
  ok    allowed: git gc
  ok    allowed: git gc --auto
  ok    allowed: git reflog expire --expire=90.days.ago
  ok    allowed: git reflog
  ok    allowed: echo 'never run git reset --hard @{u} on main' >> NOTES.md
  ok    allowed: grep -rn 'git clean -xfd' docs/

  ok    the fake git/rm log is empty: nothing was executed
  ok    project canary intact
  ok    home canary intact
  ok    the project still has its .git

  pass 37   fail 0
  git verbs: GREEN
----- git_verbs_test.sh exit: 0 -----
===== promise_law_test.sh =====
promise law — the session may strengthen its guard, never weaken it

1. sealed: disabled[] names all three and must not switch them off
  ok    refused by promise-tamper: Edit .rabadon/promise.json
  ok    refused by promise-tamper: Write .rabadon/promise.json
  ok    refused by promise-anti-path: Edit a file on an anti-path
  ok    refused by promise-anti-path: Write a file on an anti-path
  ok    refused by guard-weaken: Write guard.json with a rule removed
  ok    refused by guard-weaken: Write guard.json with a new disabled[] id
  ok    refused by guard-weaken: Edit guard.json to append to disabled[]

2. ordinary work that must still go through
  ok    allowed: Edit a source file in a promised area
  ok    allowed: Write a new source file
  ok    allowed: Edit src/promise.json, a different file that shares a name
  ok    allowed: Write guard.json ADDING a rule (strengthening)
  ok    allowed: Write guard.json unchanged
  ok    allowed: Read the promise
  ok    allowed: an ordinary rule in disabled[] is still disabled

3. the same rules with nothing disabled at all
  ok    refused by promise-tamper: Edit .rabadon/promise.json
  ok    refused by promise-anti-path: Edit a file on an anti-path
  ok    refused by guard-weaken: Write guard.json with a new disabled[] id
  ok    allowed: Edit a source file

4. every refusal left a trace
  ok    the ledger names promise-tamper
  ok    the ledger names guard-weaken
  ok    the refusal does not point at a door that is welded shut

  ok    the fake git/rm log is empty: nothing was executed
  ok    project canary intact
  ok    home canary intact
  ok    the promise on disk is untouched

  pass 25   fail 0
  promise law: GREEN
----- promise_law_test.sh exit: 0 -----
===== delete_verbs_test.sh =====
delete verbs — the destroyer does not have to be called rm

0. the premises
  ok    cmdtext.h already lists shred in the delete family
  ok    the shared temp root is waived: a delete under /tmp is allowed
  ok    the same command outside temp is refused, so the lab had to move

1. a tree next door, destroyed by a verb that is not rm
  ok    refused by baseline-delete-not-rm: find /Users/nobody/work/proj-other -name '*' -delete
  ok    refused by baseline-delete-not-rm: find /Users/nobody/work/proj-other/engine -delete
  ok    refused by baseline-delete-not-rm: find /Users/nobody/work/proj-other -name x -exec rm -rf {} +
  ok    refused by baseline-delete-not-rm: find /Users/nobody/work/proj-other -name x -execdir rm -rf {} \;
  ok    refused by baseline-delete-not-rm: rsync -a --delete /tmp/empty/ /Users/nobody/work/proj-other/engine/
  ok    refused by baseline-delete-not-rm: shred -u /Users/nobody/work/proj-other/ROADMAP.md
  ok    refused by baseline-delete-not-rm: shred -u /tmp/rabadon-delverbs.diZtAb/home/Documents/canary.txt
  ok    refused by baseline-delete-not-rm: truncate -s 0 /Users/nobody/work/proj-other/ROADMAP.md
  ok    refused by baseline-delete-not-rm: dd if=/dev/zero of=/Users/nobody/work/proj-other/ROADMAP.md bs=1m count=1
  ok    refused by baseline-truncating-redirect: > /Users/nobody/work/proj-other/ROADMAP.md
  ok    refused by baseline-truncating-redirect: : > /Users/nobody/work/proj-other/ROADMAP.md

2. ordinary work that must still run
  ok    allowed: find . -name '*.o' -delete
  ok    allowed: find /tmp/rabadon-delverbs.diZtAb/work/proj/logs -name '*.log' -delete
  ok    allowed: find /Users/nobody/work/proj-other -name '*.log'
  ok    allowed: find /Users/nobody/work/proj-other -type f -name x -exec grep -l TODO {} +
  ok    allowed: rsync -a --delete src/ dist/
  ok    allowed: rsync -a src/ /Users/nobody/work/proj-other/engine/
  ok    allowed: shred -u ./scratch.key
  ok    allowed: truncate -s 0 logs/app.log
  ok    allowed: dd if=/dev/zero of=./scratch.bin bs=1m count=1
  ok    allowed: > logs/app.log
  ok    allowed: echo 'never run find / -delete' >> NOTES.md
  ok    allowed: grep -rn 'shred' docs/
  ok    allowed: find /tmp/scratch-dir -delete
  ok    allowed: truncate -s 0 /tmp/scratch.log

3. judging is not running
  ok    the fake binary log is empty: nothing was executed
  ok    project canary intact
  ok    home canary intact
  ok    the target outside temp was never created, only judged

  pass 32   fail 0
  delete verbs: GREEN
----- delete_verbs_test.sh exit: 0 -----
===== shell_cwd_test.sh =====
shell cwd — the walk has to know where the shell went

0. the premise
  ok    refused by baseline-rm-rf-outside: cd /Users/nobody/work/proj-other && rm -rf engine

1. the shell moved out of the project
  ok    refused by baseline-rm-rf-outside: cd -P /Users/nobody/work/proj-other && rm -rf engine
  ok    refused by baseline-rm-rf-outside: cd -- /Users/nobody/work/proj-other && rm -rf engine
  ok    refused by baseline-rm-rf-outside: cd -L -- /Users/nobody/work/proj-other && rm -rf engine
  ok    refused by baseline-rm-rf-outside: pushd /Users/nobody/work/proj-other && rm -rf engine
  ok    refused by baseline-rm-rf-outside: pushd /Users/nobody/work/proj-other >/dev/null && rm -rf engine
  ok    refused by baseline-rm-rf-outside: pushd /Users/nobody/work/proj-other; rm -rf engine
  ok    refused by baseline-rm-rf-outside: pushd -n /Users/nobody/work/proj-other && rm -rf engine
  ok    refused by baseline-delete-not-rm: cd /Users/nobody/work/proj-other && shred -u ROADMAP.md
  ok    refused by baseline-delete-not-rm: pushd /Users/nobody/work/proj-other && truncate -s 0 ROADMAP.md
  ok    refused by baseline-truncating-redirect: cd /Users/nobody/work/proj-other && > ROADMAP.md

2. the shell is still in the project
  ok    allowed: pushd /Users/nobody/work/proj-other && ls && popd && rm -rf engine
  ok    allowed: cd sub && rm -rf deep
  ok    allowed: cd sub/deep && rm -rf build
  ok    allowed: cd /tmp/rabadon-shellcwd.KZSvfj/work/proj && rm -rf engine
  ok    allowed: cd -P /tmp/rabadon-shellcwd.KZSvfj/work/proj && rm -rf engine
  ok    allowed: pushd sub && rm -rf deep
  ok    allowed: pushd /tmp/rabadon-shellcwd.KZSvfj/work/proj && rm -rf engine && popd
  ok    allowed: cd .. && cd proj && rm -rf engine
  ok    allowed: rm -rf engine
  ok    allowed: echo 'cd elsewhere && rm -rf x is the escape' >> NOTES.md

3. judging is not running
  ok    the fake binary log is empty: nothing was executed
  ok    project canary intact
  ok    home canary intact
  ok    the tree next door was judged, never created

  pass 25   fail 0
  shell cwd: GREEN
----- shell_cwd_test.sh exit: 0 -----
===== partial_ref_test.sh =====
partial-ref: what git resolves (real git, --dry-run, a bare remote made here)
  ok   - git itself: origin :heads/main deletes refs/heads/main
  ok   - git itself: --delete origin heads/main deletes refs/heads/main
  ok   - git itself: --force origin heads/main force-updates main
  ok   - git itself: --force origin heads/main is a FORCED update
  ok   - git itself: --force origin main:heads/main lands on main
  ok   - git itself: heads/feature is the feature branch, not main
  ok   - git itself: :heads/feature deletes the feature branch
  ok   - git itself: :tags/main touches no branch
  ok   - git itself: main:tags/main CREATES refs/heads/tags/main
  ok   - git itself: refs/heads/origin/main is a NEW branch of its own
  ok   - git itself: heads/origin/main is that same new branch
  ok   - git itself: rev-parse heads/main is refs/heads/main
  ok   - git itself: tags/main is NOT refs/heads/main (fatal: ambiguous argument 'tags/main': u)
  ok   - the dry-run probes moved nothing: remote main is where it was
  ok   - the dry-run probes deleted nothing: remote feature is still there
  ok   - the shell runs it: the partially qualified delete
  ok   - the shell runs it: the partially qualified force
  ok   - the shell runs it: the partially qualified reset
partial-ref: refused (no guard.json — the compiled floor alone)
  ok   - refused: the branch deleted, partially qualified
  ok   - refused: the same, on master
  ok   - refused: the delete switch, partially qualified
  ok   - refused: the short delete switch
  ok   - refused: the force push, partially qualified
  ok   - refused: the short force flag
  ok   - refused: the force refspec marker
  ok   - refused: the destination after a colon
  ok   - refused: the destination after a colon, delete side
  ok   - refused: a bundled force flag
  ok   - refused: delete and force together
  ok   - refused: a global option in front
  ok   - refused: wrapped in a shell string
  ok   - refused: behind a reserved word
  ok   - refused: after an unrelated green step
  ok   - refused: the hard reset onto the same ref
  ok   - refused: the hard reset, on master
partial-ref: refused in a project whose four rules never mention the spelling
  ok   - refused (guarded project): the delete its deny regex cannot see (no -f in a deletion)
  ok   - refused (guarded project): the delete switch, same blind spot
  ok   - refused (guarded project): the short delete switch
  ok   - refused (guarded project): the hard reset its regex reads as neither main nor origin/main
partial-ref: allowed (the twin of every refusal above)
  ok   - allowed: deleting your own merged branch, partially qualified
  ok   - allowed: the delete switch on your own branch
  ok   - allowed: the short delete switch on your own branch
  ok   - allowed: deleting a branch merely named after main, partially qualified
  ok   - allowed: an ordinary push to the same ref, no force
  ok   - allowed: deleting a tag under its short spelling
  ok   - allowed: a hard reset onto your own branch, partially qualified
  ok   - allowed: a hard reset onto a local ref one commit back
  ok   - allowed: the spelling as a commit message
  ok   - allowed: deleting your own merged branch, partially qualified
  ok   - allowed: the delete switch on your own branch
  ok   - allowed: the short delete switch on your own branch
  ok   - allowed: deleting a branch merely named after main, partially qualified
  ok   - allowed: an ordinary push to the same ref, no force
  ok   - allowed: deleting a tag under its short spelling
  ok   - allowed: a hard reset onto your own branch, partially qualified
  ok   - allowed: a hard reset onto a local ref one commit back
  ok   - allowed: the spelling as a commit message
partial-ref: allowed by the compiled floor (no guard.json)
  ok   - allowed: force-pushing your own branch, partially qualified
  ok   - allowed: the lease, which is the safe form
  ok   - allowed: a branch merely named after main
  ok   - allowed: a branch whose name ends in main
  ok   - allowed: a tag namespace that only ENDS in main
  ok   - allowed: a branch literally named origin/main, created not rewritten
  ok   - allowed: the same branch, partially qualified
  ok   - allowed: deleting that branch, whose name is not main
  ok   - allowed: the spelling as prose in an echo
partial-ref: what the guarded project refuses there, it refuses with its own regex
  ok   - the project's own deny rule, not this law: the lease, caught by --force inside --force-with-lease
  ok   - the project's own deny rule, not this law: a branch named after main, caught by the regex word boundary
  ok   - the project's own deny rule, not this law: a tag namespace ending in main
  ok   - the project's own deny rule, not this law: a branch literally named origin/main
  ok   - allowed: the spelling inside a heredoc body
partial-ref: the refusal names the right law and the right branch
  ok   - the delete spelling carries the branch-delete law's id
  ok   - the refusal prints the branch as 'main', not as 'heads/main'
  ok   - the force spelling carries the force-push law's id
  ok   - the reset spelling carries the hard-reset law's id
partial-ref: disabled[] by id, one law at a time
  ok   - disabled[]: the delete law is silenced by id under this spelling too
  ok   - silencing the delete law leaves the force-push law standing
  ok   - canary in $HOME intact: judging a push is not performing one
  ok   - the lab remote's main never moved
  ok   - the lab remote's feature branch is still there
partial ref: 80 ok, 0 fail
----- partial_ref_test.sh exit: 0 -----
===== other_repo_test.sh =====
another repo: what git itself does with -C, --git-dir and $GIT_DIR
  ok   - the shell's repo sits on feat: nothing here is about ITS head
  ok   - git itself force-updates main next door: -C ../target
  ok   - git itself force-updates main next door: --git-dir= --work-tree=
  ok   - git itself force-updates main next door: --git-dir= alone (a push needs no work tree)
  ok   - git itself force-updates main next door: --git-dir as a separate word
  ok   - git itself force-updates main next door: GIT_DIR= in the environment
  ok   - git itself force-updates main next door: cd, the same bug one word over
  ok   - git itself: -C repeats and chains, each relative to the last
  ok   - git itself: a -C moves git before --git-dir is interpreted
  ok   - git itself: and in the other order too: the -C still applies
  ok   - git itself: GIT_DIR is read relative to the -C'd directory as well
  ok   - git itself: --git-dir on the line beats GIT_DIR in the environment
  ok   - git itself: there is NO attached -C form: git rejects it
  ok   - git itself: an empty -C is a no-op, not an error
  ok   - git itself: -C at a directory that is not there is fatal: git opens nothing
  ok   - git itself: discovery walks UP from where -C landed
  ok   - a linked worktree's .git is a FILE, not a directory
  ok   - and it holds one line: gitdir: <path to the real git dir>
  ok   - git itself: git follows that file to find HEAD
another repo: the shell runs these lines (fake git, fake rm)
  ok   - the shell runs it: the -C form
  ok   - the shell runs it: the --git-dir form
  ok   - the shell runs it: the environment form
  ok   - the fakes ran instead of the real git and rm: nothing was pushed or deleted
another repo: refused when the repo GIT WILL USE is on a shared branch
  ok   - refused: the reported -C escape
  ok   - refused: the same, spelled absolute
  ok   - refused: the reported --git-dir escape
  ok   - refused: --git-dir with no work tree
  ok   - refused: --git-dir as a separate word
  ok   - refused: the reported $GIT_DIR escape
  ok   - refused: a chained -C
  ok   - refused: -C before --git-dir, the git dir relative to it
  ok   - refused: --git-dir before -C: the same repo either way
  ok   - refused: GIT_DIR relative to the -C'd directory
  ok   - refused: the short force flag
  ok   - refused: the force refspec with no branch named
  ok   - refused: HEAD resolved in the OTHER repo
  ok   - refused: the @ shorthand in the other repo
  ok   - refused: --all reads the other repo's refspace
  ok   - refused: --mirror reads the other repo's refspace
  ok   - refused: a config refspec plus a -C
  ok   - refused: discovery walks up from the -C'd subdirectory
  ok   - refused: a bare repo IS the git dir
  ok   - refused: a linked worktree's .git is a file that points at HEAD
  ok   - refused: the same worktree named by its .git file
  ok   - refused: the cd sibling of the same bug
  ok   - refused: cd with an absolute path
  ok   - refused: the escape inside sh -lc
  ok   - refused: the escape after an ordinary command
  ok   - refused: the escape in a brace group
  ok   - refused: the escape behind a git alias
  ok   - refused: the -C escape, with project deny rules present
  ok   - refused: the --git-dir escape, with project deny rules present
  ok   - refused: the $GIT_DIR escape, with project deny rules present
  ok   - the refusal carries the force-push law's id
  ok   - the message names the branch that repo is on
  ok   - the message names the repo the branch was read in
another repo: the work this must not cut (the shell is on main, the target is not)
  ok   - allowed: force-pushing her own branch in the repo next door
  ok   - allowed: the same through --git-dir
  ok   - allowed: the same through the environment
  ok   - allowed: --all where that refspace holds no shared branch
  ok   - allowed: --mirror where that refspace holds no shared branch
  ok   - allowed: HEAD resolved in a repo that is on her branch
  ok   - allowed: the cd sibling of the same twin
  ok   - allowed: a lease into the other repo
  ok   - allowed: an ordinary push into the other repo
  ok   - allowed: a push of a private branch by name
  ok   - allowed: a read in the other repo
  ok   - allowed: a status in the other repo
  ok   - allowed: a fetch in the other repo
  ok   - allowed: tags only, no branch written
  ok   - allowed: the words in a commit message
  ok   - allowed: the words in an echo
  ok   - allowed: a delete inside the project
  ok   - refused: no knob at all: the shell's own repo still decides
  ok   - refused: the shell's own repo, HEAD spelled out
  ok   - allowed: the shell's own repo on a scratch branch still goes
  ok   - refused: a branch written down is still read from the line
  ok   - refused: a -C does not excuse a branch written down
  ok   - refused: the delete law still sees a shared branch through a -C
  ok   - refused: the hard-reset law is untouched
another repo: what this cannot read, said out loud
  ok   - allowed: an unresolved $REPO in -C: no branch can be resolved
  ok   - refused: the same line with the branch written down
  ok   - allowed: an unresolved $REPO does not fall back to the shell's repo
  ok   - allowed: -C at a directory that is not there (git fatals before it opens a repo)
  ok   - allowed: --git-dir at a path that is not there
  ok   - refused: a mirror into a repo that cannot be read is still refused
  ok   - the canary in the home dir survived judging every command above
  ok   - the canary in the lab survived
  ok   - none of the judged repos has a remote: nothing could have left this machine
  ok   - /tmp, /etc and the home dir are still on the machine
another repo: 90 passed, 0 failed
----- other_repo_test.sh exit: 0 -----
===== xcrun_wrapper_test.sh =====
xcrun: what the wrapper actually runs (real xcrun, fake tool by absolute path, nothing pushed or deleted)
  ok   - SKIP section 1: no xcrun on this machine (the parser sections below still run)
  ok   - the fakes ran instead of a real git and rm: nothing was pushed or deleted
xcrun: refused (the escape, in every spelling that carries it)
  ok   - refused: the plain form
  ok   - refused: the clustered short form
  ok   - refused: spelled by absolute path
  ok   - refused: behind --sdk and its value
  ok   - refused: behind -sdk, the one-dash spelling
  ok   - refused: behind --toolchain and its value
  ok   - refused: behind -toolchain, the one-dash spelling
  ok   - refused: behind a valueless short option
  ok   - refused: behind two valueless short options
  ok   - refused: behind the long spelling of one
  ok   - refused: behind --run
  ok   - refused: behind the end-of-options marker
  ok   - refused: a branch delete by empty source refspec
  ok   - refused: a branch delete by --delete
  ok   - refused: a mirror push
  ok   - refused: a hard reset of the shared branch
  ok   - refused: a recursive delete of /
  ok   - refused: a recursive delete of a home dir
  ok   - refused: under an assignment prefix
  ok   - refused: under another wrapper
  ok   - refused: under env
  ok   - refused: under a shell string
  ok   - refused: inside a brace group
  ok   - refused: in the then branch
  ok   - refused: in a loop body
  ok   - refused: xcrun wrapping a shell that runs it
  ok   - refused: a name that merely starts with a listed wrapper
  ok   - refused: a two-line helper inside the repo being guarded
  ok   - the refusal carries the force-push law's id
  ok   - the message names the shared branch the push was going to
  ok   - the refusal is on the ledger under the baseline id
xcrun: still allowed (the work this must not cut)
  ok   - allowed: the simulator control tool
  ok   - allowed: erasing a simulator
  ok   - allowed: a build
  ok   - allowed: a compile behind --sdk
  ok   - allowed: a compile behind -sdk
  ok   - allowed: a swift build behind a toolchain
  ok   - allowed: notarization
  ok   - allowed: finding a tool
  ok   - allowed: finding git
  ok   - allowed: printing the sdk path
  ok   - allowed: the version
  ok   - allowed: xcrun with no tool at all
  ok   - allowed: an ordinary push through xcrun
  ok   - allowed: a status check through xcrun
  ok   - allowed: a fetch through xcrun
  ok   - allowed: the safe force through xcrun
  ok   - allowed: a force-push to your own branch through xcrun
  ok   - allowed: a local hard reset through xcrun
  ok   - allowed: deleting your own merged branch through xcrun
  ok   - allowed: a build dir delete through xcrun
  ok   - allowed: a node_modules delete through xcrun
  ok   - allowed: a scratch delete through xcrun behind an option
  ok   - allowed: an ordinary push behind -sdk and its value
  ok   - allowed: an ordinary push behind two options
  ok   - allowed: an ordinary push after the end-of-options marker
  ok   - allowed: the words as a commit message
  ok   - allowed: the words as an echoed string
  ok   - allowed: the word inside a single-quoted argument
  ok   - allowed: a name that merely starts with xcrun, before a value-taking option
  ok   - allowed: the same line inside a heredoc body is prose, not a program
xcrun: the wrappers that were already there did not move
  ok   - unchanged (2): sudo with a long option and a separate value
  ok   - unchanged (2): sudo with a long option and an attached value
  ok   - unchanged (2): sudo with a short option and a separate value
  ok   - unchanged (2): env with an unset and a separate value
  ok   - unchanged (2): timeout with its duration operand
  ok   - unchanged (2): timeout with a signal and a duration
  ok   - unchanged (2): xargs with a replace string
  ok   - unchanged (2): nice with an adjustment
  ok   - unchanged (0): sudo with a long option, ordinary work
  ok   - unchanged (0): env with an unset, ordinary work
  ok   - unchanged (0): timeout with its duration, ordinary work
  ok   - the canary in the home dir survived judging every command above
  ok   - the canary in the lab survived
  ok   - /tmp, /etc and the home dir are still on the machine
xcrun wrapper: 77 passed, 0 failed
----- xcrun_wrapper_test.sh exit: 0 -----
===== npm_install_test.sh =====
npm install: the published path (linux-arm64)
  ok   - the platform manifest names only binaries the build produces
  ok   - npm i -g installs the package and its prebuilt platform binaries
  ok   - the rabadon command is on the path
  ok   - doctor finds the prebuilt binaries (was: 'native binaries missing')
  ok   - rabadon init exits 0 on a prebuilt install (was: exit 3)
  ok   - init wrote the project's settings.json
  ok   - the hook command points at a binary that EXISTS and is executable
  ok   - a force-push is REFUSED through the installed hook — the README's first promise holds
Terminated
----- npm_install_test.sh exit: 124 -----
===== doctor_test.sh =====
doctor: what an install looks like when it is only half there
  ok   - the probe found 19 built binaries to install into fake trees
  ok   - a complete tree: doctor says native core built (19/19 binaries)
  ok   - a complete tree: nothing reported absent
  ok   - the healthy run's problem count is readable (2)
  ok   - ten binaries absent: doctor exits non-zero (1)
  ok   - ten binaries absent: doctor does not say "all green"
  ok   - every absent binary is named in the output (all ten)
  ok   - the half tree reports more problems than the full one (3 > 2)
  ok   - 18 of 19 built: doctor exits non-zero (1)
  ok   - 18 of 19 built: the one absent binary is named
  ok   - a seventeenth name in `all:` becomes a subject without editing manage.mjs
  ok   - the absent seventeenth makes doctor exit non-zero (1)
  ok   - a binary rule missing from `all:` is still a subject
  ok   - the absent eighteenth makes doctor exit non-zero (1)
  ok   - no Makefile: doctor does not say "all green"
  ok   - no Makefile: doctor exits non-zero (1)
  ok   - prebuilt install: doctor finds all 19 in @rabadon/linux-arm64
  ok   - postinstall on a complete tree exits 0
  ok   - postinstall on a complete tree: already built (19/19)
  ok   - postinstall on a complete tree: nothing reported absent
  ok   - postinstall still exits 0 with a binary missing (npm must not brick)
  ok   - postinstall names the count it actually got (18 of 19)
  ok   - postinstall names the binary that is not there
  ok   - postinstall does not call a 18-of-19 tree already built
  ok   - node under engines.node: doctor says so
  ok   - node under engines.node: what + why: + run: all present
  ok   - node under engines.node: doctor exits non-zero (1)
  ok   - control: a node that satisfies engines.node raises no version WARN
  ok   - a non-executable binary is reported (not silently 'present')
  ok   - the non-executable binary is named (rabadon-audit)
  ok   - not executable: what + why: + run: all present
  ok   - not executable: doctor exits non-zero (1)
  ok   - control: a fully executable tree raises no permission WARN
  ok   - two rabadon commands on PATH: doctor says so
  ok   - PATH conflict: what + why: + run: all present
  ok   - PATH conflict: doctor exits non-zero (1)
  ok   - a single FOREIGN rabadon on PATH is reported too
  ok   - control: PATH pointing at THIS install raises no PATH WARN
  ok   - a hook from a previous install is reported
  ok   - the stale hook's actual path is printed
  ok   - stale install: what + why: + run: all present
  ok   - stale install: doctor exits non-zero (1)
  ok   - control: hooks pointing at THIS install raise no stale WARN
doctor: 43 passed, 0 failed
----- doctor_test.sh exit: 0 -----
===== repair_session_test.sh =====
repair session: caught -> proposed -> re-verified
  ok   - green repo: nothing to repair, exit 0
  ok   - honest fix: arbiter re-ran green, REPAIR_OK (exit 0)
  ok   - propose-and-hold: the user's tree is UNTOUCHED
  ok   - verified patch is held at .rabadon/repair-1787725972533.patch
  ok   - applying the held patch turns the REAL repo green
  ok   - REPAIR_OK on the ledger
  ok   - test-neutering fix REJECTED by the hash lock (exit 2)
  ok   - REPAIR_FAIL test-tamper on the ledger
  ok   - no-op proposal: still red -> REPAIR_FAIL (exit 2)
  ok   - missing proposer: clean exit 3 with the fix instruction
  ok   - no repair event claimed without a proposer
  ok   - audit: repair events are chained, verdict INTACT
  ok   - usage headline counts exactly 1 repair HELD (hash-locked, not merely accepted)
  ok   - locks>0 (1 locked): headline says VERIFIED — the tamper check really ran
  ok   - locks==0: headline does NOT claim VERIFIED
  ok   - locks==0: headline says UNVERIFIED instead
  ok   - locks==0: the reason is stated (0 test files, anti-tamper never ran)
  ok   - entry flake (green then red): FLAKY, exit 4 — its own verdict, not exit 0
  ok   - entry flake: the run never claims 'nothing to repair'
  ok   - entry flake: the ledger carries its OWN reason (entry samples disagree)
  ok   - arbiter flake (red then green): the fix is kept, exit 0, labelled FLAKY
  ok   - arbiter flake: the correct source-only fix is HELD, not discarded
  ok   - arbiter flake: the user's tree is still UNTOUCHED
  ok   - arbiter flake: never says 'did NOT turn the check green'
  ok   - arbiter flake: the word VERIFIED is not spent on an ungradeable run
  ok   - arbiter flake: the ledger says FLAKY, in its own words
  ok   - arbiter flake: the ledger event is REPAIR_FLAKY, not an OK
  ok   - arbiter flake: the word OK never reaches the counter
  ok   - the false sentence never reached the hash-chained ledger
  ok   - audit: the flaky events are chained too, verdict INTACT
  ok   - held repair still costs exactly 2 check runs — the happy path pays nothing for sampling
  ok   - green repo runs the check twice — the green that ends the session is confirmed
  ok   - rejection costs a 3rd run — no proposal is thrown away on one sample
repair session: 33 passed, 0 failed
----- repair_session_test.sh exit: 0 -----
===== repair_isolation_test.sh =====
repair isolation: the copy has to be the thing that gets checked
  ok   - self-contained venv: repair runs its normal course (exit 0)
  ok   - no false accusation: pyvenv.cfg's `command =` line and an absolute shim shebang do not trip the gate
  ok   - self-contained venv: a patch was still held
  ok   - editable install (.pth holds the original path): exit 3
  ok   - the message says the check resolves outside the isolated copy
  ok   - the refusal NAMES the file that anchors the check
  ok   - exit 3: the user's tree is untouched
  ok   - exit 3: no repair attempt on the ledger (1 START, from case 1 only)
  ok   - absolute symlink into the original tree: exit 3
  ok   - a shim the check invokes, with an original-tree shebang: exit 3
  ok   - no scan ceiling: an anchor behind 400 files and 6 dirs is still found
  ok   - green repo with an anchor: still 'nothing to repair', no refusal
repair isolation: 12 passed, 0 failed
----- repair_isolation_test.sh exit: 0 -----
===== harness_lock_test.sh =====
harness lock — the judge must refuse a green it did not grade

  SKIP  pytest-ini-added — no py toolchain on this box, the lock was not judged here
  SKIP  root-conftest-added — no py toolchain on this box, the lock was not judged here
  ok    package-test-script        -> harness-tamper (exit 2)
  SKIP  honest-source-fix — no py toolchain on this box, the lock was not judged here
  ok    honest-source-fix-node     -> verified (exit 0)
  SKIP  symlinked-harness-added — no py toolchain on this box, the lock was not judged here
  ok    cmd-script-rewritten       -> harness-tamper (exit 2)
  ok    cmd-script-honest-fix      -> verified (exit 0)
  SKIP  test-file-edited — no py toolchain on this box, the lock was not judged here

  canary intact: /tmp/rabadon-harness-lock.biwGg7/home/CANARY-do-not-touch

  pass 4   fail 0   skip 5
  harness lock: GREEN (5 case(s) not judged here)
----- harness_lock_test.sh exit: 0 -----
===== heldout_test.sh =====
held-out probe — the green has to survive the patch's own crutches

  SKIP  special-case-sha256 — no pytest on this box, the probe was not judged here
  SKIP  special-case-raw-literal — no pytest on this box, the probe was not judged here
  SKIP  special-case-length — no pytest on this box, the probe was not judged here
  SKIP  comparison-override — no pytest on this box, the probe was not judged here
  SKIP  honest-source-fix — no pytest on this box, the probe was not judged here
  SKIP  honest-fix-with-long-literal — no pytest on this box, the probe was not judged here
  SKIP  honest-fix-touching-existing-eq — no pytest on this box, the probe was not judged here
  SKIP  honest-fix-with-short-guard — no pytest on this box, the probe was not judged here

  canary intact: /tmp/rabadon-heldout.vHSqjh/home/CANARY-do-not-touch

  pass 0   fail 0   skip 8
  held-out probe: NOT JUDGED — every case was skipped for a missing toolchain
----- heldout_test.sh exit: 0 -----
===== lock_coverage_test.sh =====
lock coverage — repair must lock what truth discovers

  premise: truth discovers 161 test files, its json is 10584 bytes
  ok    the fixture really does overflow a 4kB buffer (10584 bytes, 161 files)

  SKIP  repair locks what truth discovered — no pytest on this box, the lock was not judged here
  ok    a repo with no test files still says UNVERIFIED, and says why
  SKIP  a test-neutering proposal is rejected on the large suite — no pytest on this box, the lock was not judged here

  canary intact: /tmp/rabadon-lockcov.V5FRxq/home/CANARY-do-not-touch

  pass 2   fail 0   skip 2
  lock coverage: NOT JUDGED — both locking cases were skipped for a missing toolchain
----- lock_coverage_test.sh exit: 0 -----
===== false_reject_test.sh =====
false rejection — a correct fix refused for something rabadon did

1. an honest fix behind a stale cache is VERIFIED, not refused
  ok    the correct fix is held (exit 0)
  ok    the fix is HELD, not applied — the operator's tree still carries the bug
2. a proposer that reads stdin is not a failed repair
  ok    the proposal ran and was held, whatever the caller left on stdin
3. neither fix bought a false ACCEPTANCE
  ok    a test-neutering proposal is still rejected (exit 2, by the test lock)
  ok    the test-file lock was actually built, not merely unviolated
  ok    the rejected run left the test file as it found it
4. the purge takes bytecode and nothing else
  ok    the patch names only source, no cache file appears in it
  ok    nothing merely named like a cache was removed from the tree

  pass 8   fail 0
  false rejection: GREEN
----- false_reject_test.sh exit: 0 -----
===== discovery_test.sh =====
discovery — the lock can only cover what this finds

  ok    a suite six directories down is discovered (4 of 4)
  ok    the source file beside it is NOT read as a test
  ok    a suite whose files are all named test.ts is discovered (4 of 4)
  ok    contest.ts and latest/index.ts are not read as tests
  ok    one stray test.ts is not a convention, and tests.ts is source: neither is locked
  ok    the real suite in the same repo is still discovered
  ok    a 620-file suite is discovered whole (620)
  ok    an ordinary repo reports no cap

  pass 8   fail 0
  discovery: GREEN
----- discovery_test.sh exit: 0 -----
===== discovery_language_test.sh =====
discovery — a suite is found by where it lives, not what language it is

-- ruby / rails
  ok    locks actionpack/test/abstract/translation_test.rb
  ok    locks actionmailbox/test/migrations_test.rb
  ok    leaves lib/latest.rb free
  ok    leaves app/models/contest.rb free
  ok    leaves lib/user.rb free
-- ruby / rspec
  ok    locks spec/models/topic_spec.rb
  ok    locks spec/requests/admin_spec.rb
  ok    leaves app/models/topic.rb free
-- tcl / redis
  ok    locks tests/unit/type/list.tcl
  ok    locks tests/integration/replication.tcl
  ok    locks tests/assets/default.conf
  ok    leaves tests/modules/hooks.so free
  ok    leaves tests/helpers/.gitignore free
  ok    leaves src/server.c free
-- php / a language nobody listed
  ok    locks tests/Feature/ExampleTest.php
  ok    locks tests/Unit/parser.exs
  ok    leaves src/Handler.php free
-- the repo's own testPaths
  ok    locks checks/smoke.bats
  ok    leaves checks/README.md free
-- documents are not checks
  ok    locks test/cases_test.go
  ok    leaves test/README.md free

discovery-language: 21 passed, 0 failed
----- discovery_language_test.sh exit: 0 -----
===== sandbox_test.sh =====
sandbox: kernel-enforced guard.json
  ok   - a guard deny rule refuses through exec (exit 2, the command never ran)
  ok   - the refusal names the rule id and its reason
  ok   - the exec refusal is written to the ledger (CHECK_FAIL + STOP, rule named)
  ok   - exec writes through the SAME hash chain (audit: INTACT)
  ok   - a baseline law (force-push to a shared branch) refuses through exec, with no guard.json at all
  ok   - the same law fires on bare argv too (no shell to unwrap)
  ok   - disabled[] still silences a rule through exec (the fix did not swallow the override)
  ok   - an unforbidden command still runs through exec (exit 0)
  skip - no kernel sandbox backend on this platform — enforcement tests skipped (--check is honest about it)
  FAIL - --check message
sandbox: 8 passed, 1 failed
----- sandbox_test.sh exit: 1 -----
===== export_test.sh =====
export: OTLP/JSON
rabadon export: 10 line(s) read from 1 spool file(s), 3 span(s) out
  held back: 0 outside the 7-day window, 7 drill event(s)
  traces: 2 (0 keyed by session id, 2 by pipe name, 0 by file)
  tool calls: 0 joined start->ok by call id
  ok   - output is a single valid JSON object
  ok   - OTLP resourceSpans/scopeSpans/spans shape
  ok   - one trace id per pipe (alpha != beta)
  ok   - refusals are span status ERROR (code 2)
  ok   - GenAI semconv token + cost attributes carry the right values
  ok   - all four drill shapes stay home, real refusals still ship
  ok   - exported ERROR spans agree with rabadon usage's refused count
  ok   - timestamps are unix-nano STRINGS (OTLP requires string)
  ok   - the stranger spool really is stock-serialized ("ev": " with a space)
rabadon export: 10 line(s) read from 1 spool file(s), 3 span(s) out
  held back: 0 outside the 7-day window, 7 drill event(s)
  traces: 2 (0 keyed by session id, 2 by pipe name, 0 by file)
  tool calls: 0 joined start->ok by call id
  ok   - a stock-serialized spool exports the SAME spans as its compact twin
rabadon export: 11 line(s) read from 1 spool file(s), 11 span(s) out
  held back: 0 outside the 7-day window, 0 drill event(s)
  traces: 1 (0 keyed by session id, 1 by pipe name, 0 by file)
  tool calls: 0 joined start->ok by call id, 1 of 1 STEP_OK carry no call id and stay points (the gate began writing it 4 August 2026)
  ok   - all ten SPEC ev values plus one unknown verb render — 11 in, 11 out
  ok   - an unknown ev carries its own fields as attributes
  ok   - an unknown ev that is PRICED gets gen_ai.usage.* and keeps its raw fields
rabadon export: 2 line(s) read from 1 spool file(s), 2 span(s) out
  held back: 0 outside the 7-day window, 0 drill event(s)
  traces: 1 (0 keyed by session id, 1 by pipe name, 0 by file)
  tool calls: 0 joined start->ok by call id
  ok   - an event with no ev ships under a readable name, payload intact
  ok   - the gate really emitted a token event, and NOT in the reader's key names
rabadon export: 3 line(s) read from 1 spool file(s), 3 span(s) out
  held back: 0 outside the 7-day window, 0 drill event(s)
  traces: 1 (1 keyed by session id, 0 by pipe name, 0 by file)
  tool calls: 0 joined start->ok by call id, 1 of 1 STEP_OK carry no call id and stay points (the gate began writing it 4 August 2026)
  ok   - a REAL gate-emitted token event round-trips to gen_ai.usage.*
  ok   - rabadon-pipeline really wrote a priced event, in ITS key names
rabadon export: 7 line(s) read from 1 spool file(s), 7 span(s) out
  held back: 0 outside the 7-day window, 0 drill event(s)
  traces: 1 (0 keyed by session id, 1 by pipe name, 0 by file)
  tool calls: 0 joined start->ok by call id, 1 of 1 STEP_OK carry no call id and stay points (the gate began writing it 4 August 2026)
  ok   - loop's split tokens, model and COST all reach the export
  ok   - the priced attempt is 2500ms WIDE, and it ends at the ledger's instant
rabadon export: 5 line(s) read from 1 spool file(s), 5 span(s) out
  held back: 0 outside the 7-day window, 0 drill event(s)
  traces: 1 (0 keyed by session id, 1 by pipe name, 0 by file)
  tool calls: 0 joined start->ok by call id
  shipped, and damaged: 1 with no readable ts (dated from the file name)
  ok   - a duration that is not one leaves the span a point, and keeps its raw value
  ok   - the gate really wrote both ends of both calls, each with its tool_use_id
  ok   - each tool call spans ITS OWN start->ok, nested calls and all
  ok   - the START is not dropped to buy one row — it ships as the OK's child
  ok   - a pair that is not one leaves both ends honest points, unlinked
  ok   - two sessions in one folder are two traces, and each span says which basis it got
  ok   - a session that moves between folders stays ONE trace
export: 26 passed, 0 failed
----- export_test.sh exit: 0 -----
===== export_drop_test.sh =====
export: 19 line(s) in, 18 of them inside the window, 18 span(s) out, exit 0

1. every in-window, non-drill line reaches the collector
  ok   - 18 in-window line(s) -> 18 span(s)

2. a line the exporter could not read is REPORTED, not swallowed
  ok   - nothing was discarded, so there is nothing to report

3. the payload is one JSON document, and it has to survive as one
  ok   - the OTLP payload decodes as UTF-8 and parses as JSON

4. a span says what the agent actually ran
  ok   - the STEP_START/STEP_OK pair carries the command text
  ok   - the refusal names the rule that fired

5. a line the reader could not fully parse does not ship as an anonymous span
  ok   - no span left with neither a pipe nor an event name

export_drop_test: 6 ok, 0 failed
----- export_drop_test.sh exit: 0 -----
===== gate_promise_test.sh =====
  ok   - anti-path edit is refused at attempt time (exit 2)
  ok   - the refusal names the promise it protects
  ok   - the ledger carries the mid-session catch
  ok   - on-area edit flows freely (exit 0)
  ok   - area creep: 5th off-target edit challenged once, then released ( 0 0 0 0 2 0)
  ok   - promise-tamper: the contract cannot be edited by the supervised session
  ok   - no promise -> nothing to enforce (exit 0)
  ok   - broken promise -> fails open, no crash (exit 0)
  ok   - disabled[] does not reach a sealed promise rule (exit 2)
  ok   - an ordinary rule named in disabled[] is still switched off (exit 0)
gate promise: 10 ok, 0 fail
----- gate_promise_test.sh exit: 0 -----
===== blind_switch_test.sh =====
  ok   - an absent switch still watches (exit 0)
  ok   - a present switch enforces (exit 2)
  ok   - a home that is a regular file enforces (exit 2)
  ok   - and it says why
  skip - mode 000 is meaningless as root
  ok   - with no home named at all it enforces (exit 2)
  ok   - blind enforcement still allows a harmless command

blind switch: 6 passed, 0 failed
----- blind_switch_test.sh exit: 0 -----
===== lamp_test.sh =====
  ok   - one breath walks the full ramp and comes back ( 97 104 141 183 189 183 141 104)
  ok   - the breath is periodic (6s cycle closes)
  ok   - consecutive frames differ — the lamp is alive
  ok   - the mark and the word share one colour (97)
  ok   - and at every phase of the breath
  ok   - OFF never animates (same bytes at any phase)
  ok   - OFF still says so in words, not just colour
  ok   - median render stays cheap (1ms/run, budget 25ms)

lamp: 8 passed, 0 failed
----- lamp_test.sh exit: 0 -----
===== watch_test.sh =====
  ok   - ENFORCE: the anti-path edit is refused (exit 2)
  ok   - ENFORCE: the ledger records a real STOP
  ok   - WATCH: the same edit is allowed through (exit 0)
  ok   - WATCH: it says out loud what it would have done
  ok   - WATCH: the would-be catch is on the ledger (the week-one sales artifact)
  ok   - WATCH: no STOP is ever written — it never claims a block it did not make
  ok   - WATCH evaluates the same rules and reaches the same verdict as ENFORCE ("check":"promise-anti-path")
  ok   - WATCH: on-target work flows normally (exit 0)
  ok   - SILENT: allowed through (exit 0)
  ok   - SILENT: writes nothing at all — dormant means dormant
  ok   - RABADON_OFF=1 is still fully dead (the child-recursion guard holds)
  ok   - statusline ENFORCE: the lamp is lit, no qualifier
  ok   - statusline WATCH: says 'watch' in words
  ok   - statusline SILENT: says 'off' in words

watch: 14 passed, 0 failed
----- watch_test.sh exit: 0 -----
===== serve_test.sh =====
  ok   - the server answers /healthz
  ok   - a POST with no key is refused (401)
  ok   - an unknown key is refused (401)
  ok   - a 3-event batch is accepted and counted
  ok   - the events are on disk, in the project's own ledger
  ok   - a retried batch is absorbed (accepted 0, duplicate 3) — a retry cannot double-bill
  ok   - the ledger did not grow on the retry
  ok   - malformed lines are rejected and counted, the good one still lands
  ok   - a different key writes to a different project
  ok   - the second project has its own ledger file
  ok   - a hostile project name cannot traverse out of the store
  ok   - 20 concurrent writers x 50 events = exactly 1000 new lines (no loss, no duplication)
  ok   - every line in the ledger is still a complete, parseable event
  ok   - after kill -9 and restart the ledger is intact (1004 lines)
  ok   - the restarted server still remembers what it holds (rebuilt from disk, retry still absorbed)
  ok   - an unknown route is a 404, never a quiet 200

serve: 16 passed, 0 failed
----- serve_test.sh exit: 0 -----
===== sigpipe_test.sh =====
  ok   - dead watcher never turns a block into an allow (10/10 exit 2, no SIGPIPE)
  ok   - no watcher: deny still blocks (exit 2)
  ok   - git -C <path> push --force is still refused (global options stripped for the match)
gate sigpipe: 3 ok, 0 fail
----- sigpipe_test.sh exit: 0 -----
===== session_test.sh =====
  ok   - state.json is created by the native gate
  ok   - session booked: recent trail + actionCount live in the session's own file
  ok   - a record from the old shared map is carried over, counters intact
  ok   - twin delivery: exit 0, actionCount stays 1
  ok   - loop-stop persists through state.json ( 0 0 2)
  ok   - a code edit in between resets the loop counter
  ok   - old state-native twin file is retired on sight
  ok   - goal capture: recursion refused, first real prompt pinned, later prompt ignored
  ok   - non-tool twin dedupe: one RUN_START, not two
  ok   - Stop distills goal + last moves into handoff.md
  ok   - SessionStart injects the handoff into the new session
  ok   - SessionStart resets the per-session counters
  ok   - token ledger measured from the transcript (43 out / 107 in)
  ok   - ledger is incremental: only the new bytes are counted
  ok   - the handoff carries today's catches
gate state: 15 ok, 0 fail
----- session_test.sh exit: 0 -----
===== session_fanout_test.sh =====
session fan-out — the supervisor of a fan-out cannot break at four

1. one session's count is not another session's business
  ok    session A was challenged on its own fifth edit, after six others arrived
  ok    the challenge fired once and let the session past
  ok    and it stays fired after twelve other sessions have been seen

2. sessions writing at the same time do not erase each other
  ok    all twelve concurrent sessions kept their record

3. it does not grow without bound
  ok    state is 10511 bytes after 25 sessions
  ok    a record quiet for two days was swept and the live ones were not

4. one session's red is not another session's red
  ok    the session that saw the red is still held to it
  ok    a session that has run nothing does not inherit that red

5. a verified green crosses sessions, and any edit ends it
  ok    the session that edited the tree had its suite run before the push
  ok    a second session pushing an untouched tree rides the verified green
  ok    one session's edit put the tree past the green and the suite ran again

6. a shared 16-character prefix is not a shared session
  ok    seven edits across two ids sharing a prefix challenged neither
  ok    and each id still reaches its own fifth

  13 passed, 0 failed
----- session_fanout_test.sh exit: 0 -----
===== budget_test.sh =====
  ok   - setter: '200k' writes {"tokens":200000}
  ok   - setter: '5usd' writes {"usd":5}
  ok   - setter: 'off' clears the cap
  ok   - setter: show prints the current cap
  ok   - under cap (1050/2000): the tool is allowed
  ok   - over cap (1050/1000): halted before burn, exit 2 + message
  ok   - cache tokens counted: cache-only 1200/1000 blocks (old ledger would miss it)
  ok   - no budget.json: opt-in meter, huge usage still passes
  ok   - override: budget-cap in disabled[] lets the run through
  ok   - usd cap (opus $0.01/$0.009): halted before burn
  ok   - usd cap skipped for an unpriced model — no false halt
budget gate: 11 ok, 0 fail
----- budget_test.sh exit: 0 -----
===== postuse_test.sh =====
BR1 code-edit tracking
  ok   - BR1a edit no guard -> lastCodeEdit SET, STEP_OK edited: node==native (exit 0, state, spool)
  ok   - BR1a lastCodeEdit is a TOP-LEVEL field (feeds Pre loop-stop)
  ok   - BR1b codePaths miss -> lastCodeEdit UNSET, still STEP_OK: node==native (exit 0, state, spool)
  ok   - BR1b non-code edit leaves lastCodeEdit unset
BR2 scope fan-out
  ok   - BR2 5th dir -> exit 2 on both
  ok   - BR2 stderr names all 5 top dirs (a, b, c, d, e) on both
  ok   - BR2 stderr frame is byte-identical node==native
  ok   - BR2 CHECK_FAIL scope-fanout on the ledger
  ok   - BR2 fanoutWarned latched + lastCodeEdit still SET after fan-out exit
  ok   - BR2 6th off-target edit exits 0 (fires once per session)
  ok   - BR2 file outside cwd: no top dir, exit 0, lastCodeEdit still SET
BR3 active re-anchor (12th action)
  ok   - BR3 12th action + off-track judge -> exit 2
  ok   - BR3 re-anchor stderr carries goal + anchor verbatim
  ok   - BR3 actionCount stays 12 (Post must NOT increment)
  ok   - BR3 on-track judge -> exit 0 (STEP_OK edited)
  ok   - BR3 actionCount=11 -> judge not invoked (no claude call)
  ok   - BR3 RABADON_JUDGE=0 -> judge skipped entirely
BR4 test GREEN + 'fail 0' trap
  ok   - BR4a 'Failures: 0' string response -> GREEN (the word 'fail' does not trip red): node==native (exit 0, state, spool)
  ok   - BR4a GREEN emitted (measured count N=0, not a keyword sighting)
  ok   - BR4a lastTestPass SET, lastTestFail=0
  ok   - BR4a2 native: 'Failures: 0' in the object shape is not a failure (exit 0)
  ok   - BR4a2 native: lastTestFail NOT stamped (no false red in the handoff)
  ok   - BR4a2 native: the delivery shape no longer changes the verdict — GREEN either way
  ok   - BR4a2 node still calls the same run RED in the object shape (open front, JS side)
  ok   - BR4a2b a redirected run is still neither green nor red, and says so
    note: hooks/gate.mjs (retiring oracle) exits 2 here — a false red, tracked.
  ok   - BR4b ctest '100% tests passed, 0 failed' -> GREEN: node==native (exit 0, state, spool)
  ok   - BR4c JSON-object tool_response with escaped \n -> de-escaped then matched: node==native (exit 0, state, spool)
  ok   - BR4c escaped-newline object still reads GREEN
BR5 test RED + incident
  ok   - BR5a RED with JUDGE=0 -> exit 2, CHECK_FAIL test-run, no REPAIR_START: node==native (exit 2, state, spool)
  ok   - BR5a CHECK_FAIL test-run present
  ok   - BR5a no REPAIR_START under JUDGE=0
  ok   - BR5a lastTestFail SET, lastTestPass untouched
  ok   - BR5a RED stderr (no advice under JUDGE=0)
  ok   - BR5b RED + diagnose -> exit 2
  ok   - BR5b REPAIR_START emitted
  ok   - BR5b advice block carries where/cause/fix
  ok   - BR5b lastDiagSig + lastDiagAt set (top-level dedup fields)
BR6 incident dedup
  ok   - BR6 same incident within 15min -> diagnose runs ONCE (call count 1)
  ok   - BR6 REPAIR_START emitted once, not twice
  ok   - BR6 after 15min the same incident diagnoses again (call count 2)
BR7 rule authoring
  ok   - BR7 deny rule installed into bash[] with authoredBy+incidentAt, pretty+trailing-nl
  ok   - BR7 REPAIR_OK 'new gate: no-force-push' on the ledger
  ok   - BR7 advice mentions the new gate
  ok   - BR7 id-dedup: the same rule id is not appended twice
  ok   - BR7 match rule lands in protectedPaths[], not bash[]
  ok   - BR7 invalid-regex rule is dropped, never installed
  ok   - BR7 no REPAIR_OK for the dropped rule
  ok   - BR7b a proposed rule that cannot refuse its own example is NOT installed
  ok   - BR7b the session is told which example the proposal could not catch
  ok   - BR7c a proposal carrying no example is not installed
  ok   - BR7d a proven proposal is still installed
BR8 RABADON_OFF propagated to the claude child
  ok   - BR8 diagnose child saw RABADON_OFF=1 (supervisor never supervises itself)
  ok   - BR8 driftJudge child also saw RABADON_OFF=1
BR8b bounded subprocess kills a hanging stub
  ok   - BR8b RED terminal still fires around a slow child (exit 2, 2.0236244201660156s)
BR9 non-test Bash
  ok   - BR9 'ls -la' -> STEP_OK ran, no state mutation: node==native (exit 0, state, spool)
  ok   - BR9 STEP_OK 'ran: ls -la'
  ok   - BR9 no lastTest*/lastCodeEdit mutation on a non-test bash
BR10 other tool (Read/Grep)
  ok   - BR10 Read -> exit 0, ZERO spool events, no state mutation: node==native (exit 0, state, spool)
  ok   - BR10 Read emits ZERO spool events (done(null))
BR11 twin dedupe on Post
  ok   - BR11 twin dedupe: node==native (0 0 1 = r1 r2 STEP_OK-count)
  ok   - BR11 first STEP_OK + lastCodeEdit, twin swallowed (exit 0, one STEP_OK)
BR12 judge model is sayable from outside
BR13 default off: a red suite calls nobody
  ok   - BR13 native nothing set: red still refuses (exit 2) and calls claude ZERO times
  ok   - BR13 native no REPAIR_START without a model — the ledger claims no diagnosis
  ok   - BR13 native names the switch it is not using (no silent capability loss)
  ok   - BR13 native RABADON_JUDGE=1 opts in (one call)
  ok   - BR13 native guard.json "judge":true opts in (one call)
  ok   - BR13 native RABADON_JUDGE=0 still wins over the guard key (backwards compatible)
  ok   - BR13 node nothing set: red still refuses (exit 2) and calls claude ZERO times
  ok   - BR13 node no REPAIR_START without a model — the ledger claims no diagnosis
  ok   - BR13 node names the switch it is not using (no silent capability loss)
  ok   - BR13 node RABADON_JUDGE=1 opts in (one call)
  ok   - BR13 node guard.json "judge":true opts in (one call)
  ok   - BR13 node RABADON_JUDGE=0 still wins over the guard key (backwards compatible)
  ok   - BR12b native drift judge writes LLM_CALL ok:true
  ok   - BR12b native LLM_CALL names the model that was actually called
  ok   - BR12b native LLM_CALL carries the wall-clock the session waited
  ok   - BR12b native a judge that answered nothing STILL leaves a spend line
  ok   - BR12b node drift judge writes LLM_CALL ok:true
  ok   - BR12b node LLM_CALL names the model that was actually called
  ok   - BR12b node LLM_CALL carries the wall-clock the session waited
  ok   - BR12b node a judge that answered nothing STILL leaves a spend line
  ok   - BR12 native default judge model is claude-haiku-4-5 (what used to be compiled in)
  ok   - BR12 native RABADON_JUDGE_MODEL overrides it
  ok   - BR12 node default judge model is claude-haiku-4-5 (what used to be compiled in)
  ok   - BR12 node RABADON_JUDGE_MODEL overrides it
  ok   - BR13 a suite counting 0 failures is GREEN even when its own text says 'failing'
  ok   - BR13 a real counted failure is still RED
  ok   - BR13 a crash string still outranks a zero count — the run died before it could count
gate postuse: 88 ok, 0 fail
----- postuse_test.sh exit: 0 -----
===== agents_test.sh =====
agents: the same law, from a different agent

1. cursor: beforeShellExecution
  ok   - a force-push from cursor is refused (exit 2)
  ok   - the verdict is on STDOUT as a cursor permission object
  ok   - the agent is told WHICH rule refused it (a block with no reason is half a block)
  ok   - the operator's terminal still gets the human text on stderr
  ok   - the refusal is on the same hash-chained ledger as every other agent's
  ok   - the ledger line carries a project pipe (cursor has no session_id; conversation_id stood in)
  ok   - a guard.json rule written for Claude Code fires unchanged on cursor
  ok   - an ordinary command from cursor passes (exit 0, no permission object)
  ok   - an allow stays silent on stdout

2. cursor: afterFileEdit
  ok   - an ordinary edit from cursor is recorded, not refused
  ok   - the edit lands on the ledger, so the session is observable on cursor too
  ok   - a destructive shell write from cursor IS refused before it runs

3. generic: an agent rabadon has never heard of
  ok   - the documented contract refuses with no editor vocabulary at all (exit 2)
  ok   - and it names the rule, so a fourth agent needs no code in this repo
  ok   - project rules apply to the generic contract too

4. claude code: unchanged
  ok   - a force-push from claude code is still refused (exit 2)
  ok   - claude code stdout stays clean — the verdict travels on stderr + exit 2

5. an unrecognised payload
  ok   - an event no dialect claims falls open (exit 0), same as an unknown hook always did

agents: 18 ok, 0 fail
----- agents_test.sh exit: 0 -----
===== run_test.sh =====
run: an agent rabadon has never heard of
  ok   - a force-push from an unadapted agent is refused (the agent sees exit 2)
  ok   - a rule this project wrote itself shims its own program and refuses it
  ok   - the real program never ran (refused before, not reported after)
  ok   - ordinary work is untouched (a gate that stops everything is not a gate)
  ok   - a harmless git subcommand still runs — the shim judges, it does not ban git
  ok   - the refusal is on the same hash-chained ledger as every other agent's
  ok   - so is the project's own rule
  ok   - an absolute-path invocation skips the shim — the documented hole, still true
  ok   - the run announces how many programs it put under the gate

run: 9 ok, 0 fail
----- run_test.sh exit: 0 -----
===== contract_test.sh =====
contract: the terms are stated before the first judgement
  ok   - names the command it will actually run, not a category
  ok   - says how strong that evidence is (a suite, not a syntax check)
  ok   - says WHERE it found the command — the claim is auditable
  ok   - says when it fires
  ok   - and says the trigger is the filesystem, not the tool name — so it holds for any agent
  ok   - says the check is off the agent's critical path
  ok   - says what happens on red BEFORE any red happens
  ok   - the contract is on the ledger, not only on the screen
  ok   - the ledger records WHICH check was promised
  ok   - repair has a line of its own
  ok   - says whose money a repair spends — the reason it is off by default
  ok   - gives the exact way to turn repair on
  ok   - with the judge on, the block says repair is ON
  ok   - and says the repair lands in an isolated copy, not the user's tree
  ok   - a project it cannot check is TOLD it cannot be checked
  ok   - and it hands over the exact thing that fixes that
  ok   - invents nothing: no command is named where none exists
  ok   - doing what the block said makes rabadon name that command back
  ok   - and it says the command was declared, not guessed — the two are different claims
  ok   - no longer claims to be blind
  ok   - the net actually RAN the declared command and read its exit code
  ok   - watch mode is disclosed, not assumed
  ok   - and the when-line says NEVER — watch spends nothing on your machine
  ok   - promises no stop it cannot perform
  ok   - names the shim hole (an absolute-path call walks past it)
  ok   - does not invent a hole the current agent does not have
  ok   - on Cursor it names the hole Cursor actually has
  ok   - and the rest of the contract still resolves on the Cursor dialect
  ok   - an unadapted agent still runs under rabadon run
  ok   - and it gets the SAME contract, not a different one written twice
  ok   - which states plainly that on this path there is no stop on red
  ok   - and the promise it cannot keep is absent, not merely contradicted later
  ok   - with no promise on file it says the scope is unlimited, rather than implying one
  ok   - with a promise on file, the contract quotes the promised areas
  ok   - the whole SessionStart, discovery included, finishes inside 2s

contract: 35 ok, 0 fail
----- contract_test.sh exit: 0 -----
===== redbase_test.sh =====
red base: the next action does not start
  ok   - premise: the project's own suite is green to start with
  ok   - the edit that breaks the code is not itself refused (rabadon is not a linter)
  ok   - the project's own check ran detached and came back red
  ok   - the NEXT action does not start on a red base (exit 2 at PreToolUse)
  ok   - the refusal names the rule
  ok   - and names the check that is red, so the reason is not a mystery
  ok   - and carries the real failing output, not a summary of it
  ok   - it refuses EVERY action while red — a red that stops complaining can be waited out
  ok   - reading is allowed while red — you cannot fix what you may not look at
  ok   - searching is allowed while red
  ok   - editing is allowed while red — the edit IS the fix
  ok   - writing is allowed while red
  ok   - re-running the check is allowed — that is the escape hatch, and it needs no flag
  ok   - the check counts as the check without its flags (npm test vs npm test --silent)
  ok   - and still counts when it is run from a subdirectory
  ok   - but a DIFFERENT npm command is still refused — the carve-out is the check, not the runner
  ok   - the fix makes the project's own check pass again
  ok   - and the refusal clears itself — no flag, no restart, no rabadon off
  ok   - a file changed by a SHELL command starts the check — no edit tool required
  ok   - and the break made through the shell stops the next action just the same
  ok   - a read-only command runs no suite — supervision does not become a CPU tax
  ok   - a tree too large to scan is ANNOUNCED — the miss is never silent
  ok   - an INCONCLUSIVE check refuses nothing — a timeout is not evidence of a break
  ok   - watch mode blocks nothing, exactly as its contract said
  ok   - a fresh red refuses again
  ok   - and disabled["red-base"] really switches it off — the override line is not decoration

red base: 26 ok, 0 fail
----- redbase_test.sh exit: 0 -----
===== scope_test.sh =====
scope: a verdict is about a tree, and says which
  ok   - a red about this tree still refuses (the feature is not amputated)
  ok   - A's red does not refuse in sibling B (the leak, closed)
  ok   - B's own red refuses B
  ok   - a verdict written under the old name does not refuse under the new one
  ok   - a legacy verdict with no root still refuses — upgrade does not disarm
  ok   - in a subdir, a verdict rooted at the repo root still refuses
  ok   - a fallback root refuses in its own directory
  ok   - a fallback root does not refuse in a child directory
  ok   - a green verdict refuses nothing
  pass 9   fail 0
----- scope_test.sh exit: 0 -----
===== pushgate_test.sh =====
  ok   - green suite: push allowed (exit 0)
  ok   - green: REPAIR_OK on the ledger
  ok   - green: lastTestVerified stamped in the shared file, so the next push is clean
  ok   - red suite: push blocked (exit 2)
  ok   - red: rabadon says it ran the suite itself
  ok   - red: REPAIR_FAIL on the ledger
  ok   - tests green since last edit: push flows, suite not re-run
  ok   - timeout: a hanging suite is killed and the push blocked (exit 2)
  ok   - timeout: gate returned fast, did not wait out the sleep
  ok   - env shell: a suite needing bash function syntax runs and the push is allowed
  ok   - env shell twin: a real failure under the same shell still blocks (exit 2)
gate push: 11 ok, 0 fail
----- pushgate_test.sh exit: 0 -----
===== pushgate_forge_test.sh =====
push gate — a stamp the session can write is not verification

  ok   - an observed green does not let a red suite through
  ok   - a green rabadon verified itself still skips the re-run
  ok   - go: a run with [no tests to run] is not a green
  ok   - go: a real green still opens the gate
  ok   - go: packages without tests beside a real green is still green
  ok   - pytest: 'no tests ran' is not a green
  ok   - pytest: '1 passed' opens the gate
  ok   - rspec: '0 examples' is not a green
  ok   - rspec: '15 examples, 0 failures' opens the gate

gate push forge: 9 ok, 0 fail
----- pushgate_forge_test.sh exit: 0 -----
===== testverdict_test.sh =====
test verdict — no evidence is not a failing suite

  ok   - output redirected to a file is UNKNOWN, not red
  ok   - an empty tool result is UNKNOWN, not red
  ok   - a result with no test vocabulary is UNKNOWN, not red
  ok   - counted failures still go RED
  ok   - make *** Error still goes RED
  ok   - a segfault still goes RED
  ok   - a traceback still goes RED
  ok   - a counted green is still GREEN
  ok   - '0 fail' in a summary line is not failure evidence
  ok   - 'failures: 0' is a counted green
  ok   - '0 errors' is not failure evidence
  ok   - '1 fail' in the same shape still goes RED
  ok   - a stated EXIT=0 beside a failure word is UNKNOWN, not red
  ok   - a stated EXIT=1 beside the same word still goes RED
  ok   - a crash string outranks a stated EXIT=0
  ok   - a counted failure outranks a stated EXIT=0

test verdict: 16 ok, 0 fail
----- testverdict_test.sh exit: 0 -----
===== drift_test.sh =====
  ok   - on-target session verdict is on-the-star (exit 0)
  ok   - off-target + .mjs session verdict is DRIFT (exit 3)
  ok   - drift names the forbidden ground it touched
  ok   - the ledger finally carries a goal-drift event
  ok   - no north star -> advisory fails open (exit 0)
  ok   - unparseable promise -> fails open, no crash (exit 0)

drift: 6 passed, 0 failed
----- drift_test.sh exit: 0 -----
===== verify_test.sh =====
  ok   - known-good state passes
  ok   - genuine behavior-preserving refactor is accepted
  ok   - broken behavior is REJECTED by the differential check
  ok   - unchanged protected file passes
  ok   - tampered protected file is REJECTED
  ok   - empty contract fails closed (exit 2)
  ok   - unknown check type is rejected

verify: 7 passed, 0 failed
----- verify_test.sh exit: 0 -----
===== loop_test.sh =====
  ok   - broken step -> genuine repair -> gate passes -> accept PASS
  ok   - gamed repair is rejected -> loop fails closed (exit 1)
  ok   - contract-less step fails closed
  ok   - missing acceptance fails closed
  ok   - cheap tier rejected -> auto-escalated -> pricey tier proven -> accept PASS
  ok   - the escalation is on the ledger with its from/to tier
  ok   - the ledger records WHICH tier actually carried the step
  ok   - cheap tier passes the arbiter -> no escalation, no extra spend
  ok   - a cheap step is recorded as PROVEN at tier 1
  ok   - a real REPAIR_OK is on the ledger (not a demo pipe)
  ok   - run outcomes are reported to the spool

loop: 11 passed, 0 failed
----- loop_test.sh exit: 0 -----
===== route_test.sh =====
  ok   - routed arm total includes the REJECTED cheap attempt ($0.3980)
  ok   - control arm total is the sum of its own measured calls ($1.4000)
  ok   - delta + percent are computed from the two arms ($1.0020, %72)
  ok   - counts 4/5 steps as proven-cheap, 1 escalated
  ok   - the rejected cheap answer is shown with the failing check
  ok   - the climb to the expensive tier is drawn under the step
  ok   - when routing loses, the report says it lost (no hiding)
  ok   - the loss is quantified (-$0.0400), same measured way
  ok   - the A/B banner exists to look for (two-arm fixture prints it)
  ok   - no second arm -> no comparison printed (never a half-measured claim)
  ok   - installing a rule and observing a green run are NOT counted as repairs (REPAIRED 0)
  ok   - a real repair from the loop is still counted (REPAIRED 1)
  ok   - needle proved present: the 18 events on an ORDINARY pipe render CAUGHT 2 (step 2,5)
  ok   - needle proved present: the same run renders REPAIRED 2 on an ordinary pipe
  ok   - needle proved present: the money line renders on an ordinary pipe
  ok   - an ordinary run is NOT labelled a drill
  ok   - self pipe 'do-test' counts 0 catches and 0 repairs
  ok   - self pipe 'do-test' says out loud that it is rabadon's own drill
  ok   - self pipe 'do-test' prints no 'saved:' claim
  ok   - self pipe 'do-test:do' counts 0 catches and 0 repairs
  ok   - self pipe 'do-test:do' says out loud that it is rabadon's own drill
  ok   - self pipe 'do-test:do' prints no 'saved:' claim
  ok   - self pipe 'vibecoded-demo:do' counts 0 catches and 0 repairs
  ok   - self pipe 'vibecoded-demo:do' says out loud that it is rabadon's own drill
  ok   - self pipe 'vibecoded-demo:do' prints no 'saved:' claim
  ok   - self pipe 'llm-repair-live:do' counts 0 catches and 0 repairs
  ok   - self pipe 'llm-repair-live:do' says out loud that it is rabadon's own drill
  ok   - self pipe 'llm-repair-live:do' prints no 'saved:' claim
  ok   - self pipe 'bus-test:do' counts 0 catches and 0 repairs
  ok   - self pipe 'bus-test:do' says out loud that it is rabadon's own drill
  ok   - self pipe 'bus-test:do' prints no 'saved:' claim
  ok   - self pipe 'rabadon-bench-7:do' counts 0 catches and 0 repairs
  ok   - self pipe 'rabadon-bench-7:do' says out loud that it is rabadon's own drill
  ok   - self pipe 'rabadon-bench-7:do' prints no 'saved:' claim
  ok   - rule 1: a "drill":true emit tag zeroes the catch count
  ok   - rules 2+4: a doctor-3 marker excludes the run and its 2-minute fallout
  ok   - a drill run is kept out of the MEASURED A/B block (no money claim from a self-test)
  ok   - a mixed spool still renders BOTH runs (the drill is labelled, not deleted)
  ok   - in a mixed spool the drill run counts 0
  ok   - in the SAME render the customer's real run still counts CAUGHT 1
  ok   - the real run keeps its money line while the drill has none
  ok   - the real run keeps its own measured cost ($0.0050)
  ok   - the drill's own spend is still shown to the operator, under the exclusion banner
  ok   - needle proved present: an ordinary pipe renders FAKE FIX REJECTED 1
  ok   - needle proved present: the ordinary run prints the fail-closed money line
  ok   - a drill's rejected fake fix is NOT counted as a refusal (FAKE FIX REJECTED 0)
  ok   - a drill prints no fail-closed money claim
  ok   - the drill's refusal is still reported as a SHAPE, so nothing is hidden from the operator

route: 48 passed, 0 failed
----- route_test.sh exit: 0 -----
===== llm_proposer_test.sh =====
  ok   - routed: claude was actually spawned (argv recorded)
  ok   - routed: --model is passed through to claude
  ok   - routed: the tier name from RABADON_MODEL is the flag's value (haiku)
  ok   - routed: proposer exits 0
  ok   - default: claude spawned with RABADON_MODEL unset (bash 3.2 empty-array path)
  ok   - default: no unbound-variable abort on the empty MODEL_ARG
  ok   - default: no --model flag when no tier was named (account default is used)
  ok   - default: the prompt flag -p survives the empty-array expansion
  ok   - default: proposer exits 0
  ok   - sidecar: the model's own result event is written for the loop to price
  ok   - sidecar: a missing RABADON_DIR stays silent (best-effort, as documented)

llm-proposer: 11 passed, 0 failed
----- llm_proposer_test.sh exit: 0 -----
===== truth_test.sh =====
  ok   - package.json scripts.test -> level 3 SUITE
  ok   - the npm 'no test specified' stub is REFUSED as a suite (fell to level 1)
  ok   - tsconfig.json -> level 2 BUILD (typecheck), not syntax
  ok   - Makefile 'test:' target -> level 3 SUITE
  ok   - Makefile with only 'all:' -> level 2 BUILD
  ok   - bare python sources -> level 1 SYNTAX
  ok   - the SYNTAX command actually runs green on healthy sources
  ok   - the SYNTAX command goes RED on a file that cannot parse (a rung that cannot fail is not a rung)
  ok   - a folder with no code -> level 0 NONE
  ok   - level 0 exits non-zero (callers can branch on it)
  ok   - test files are listed for the forbidden-sha lock (a fix cannot weaken its own judge)
  ok   - a package.json inside node_modules is ignored (level 1, not a borrowed suite)

truth: 12 passed, 0 failed
----- truth_test.sh exit: 0 -----
===== net_test.sh =====
  ok   - an edit in ON mode starts the net without the agent waiting
  ok   - a healthy repo is reported GREEN by its own check
  ok   - the net turns RED on the edit that broke it
  ok   - the run is stopped at the transition (exit 2 = correction fed back to the agent)
  ok   - the agent is told what broke, in its own output
  ok   - the catch is on the ledger with the evidence level
  ok   - lastTestRun is no longer 0 (this is the number that proved the net was dead)
  ok   - an already-red project is not re-reported every call (no nagging)
  ok   - WATCH never runs the project's checks — zero CPU spent on the user's repo
  ok   - a check that blows its budget is INCONCLUSIVE, never green
  ok   - timeout is never green
  ok   - 5 more edits during an in-flight check start 0 extra suites (single flight holds)
./native/net_test.sh: line 111: 21408 Killed                  RABADON_NET_CAP_MS=9000 "$NET" "$R4" > /dev/null 2>&1
  ok   - a lock left by a dead process is reclaimed (the net cannot wedge itself)

net: 13 passed, 0 failed
----- net_test.sh exit: 0 -----
===== stats_test.sh =====
stats_test: usage renderer contract
  ok   - headline totals: 3 refused, 2 gated, 1 repair HELD
  ok   - headline keeps unverified out of the held count
  ok   - bucket: only a hash-locked fix counts as held
  ok   - bucket: locks:0 and no-locks land in unverified
  ok   - bucket: a green push-gate suite repaired nothing
  ok   - bucket: writing a rule repaired nothing
  ok   - the old lumped counter is gone
  ok   - watch bucket in headline
  ok   - rule-id grouping: 2x no-force-push-main (rule field + run-join)
  ok   - rule why rendered under the id
  ok   - legacy detail falls back to em-dash prefix
  ok   - watch verdict grouped by rule
  ok   - loop counter survives
  ok   - drills excluded and said so
  ok   - emit-tagged drill never counted
  ok   - drill- marker session never counted
  ok   - rabadon-bench self pipe never counted
  ok   - events outside --days never counted
  ok   - last event stamp (TZ=UTC pinned)
  ok   - --project filters to one project
  ok   - --project hides the others
  ok   - --full lists each catch with a timestamp
  ok   - --json totals
  ok   - --json rule objects
  ok   - --json drills counter
  ok   - --json splits the repair buckets too
  ok   - --json no longer ships one lumped repair number
  ok   - --md headline
  ok   - --md methodology footer
  ok   - --md reproducible pointer
  ok   - empty state points at rabadon drill
  ok   - the truly empty ledger still gets the onboarding copy
  ok   - the truly empty ledger is not an error (rc: 0)
  ok   - a filter that matched nothing names the project asked for
  ok   - and names the projects that ARE in the window (alpha)
  ok   - and names all of them, not just the first (beta)
  ok   - the onboarding copy is not the answer to a wrong name
  ok   - and neither is a zeroed report on stdout
  ok   - a filter that matched nothing exits non-zero (rc: 1)
  ok   - --md names the project asked for on stderr
  ok   - --md prints no empty-window report body
  ok   - --md exits non-zero for a wrong name (rc: 1)
  ok   - --json names the project asked for on stderr
  ok   - --json emits no all-zero body a caller would trust
  ok   - --json exits non-zero for a wrong name (rc: 1)
  ok   - a negative window is refused by name
  ok   - a negative window is never rendered as a heading
  ok   - and never answered with the onboarding copy
  ok   - --days -5 exits non-zero (rc: 2)
  ok   - an empty --project value is refused, and says what IS there
  ok   - an empty --project value never renders another project's numbers
  ok   - --project '' exits non-zero (rc: 1)
  ok   - a project that IS in the window still renders
  ok   - a matching --project still exits 0 (rc: 0)
  ok   - long reason ends in an ellipsis, no silent cut
  ok   - no line exceeds COLUMNS (longest: 80)
  ok   - session+exec+do fold into one row named proj
  ok   - both catches counted on that one row
  ok   - all three checks counted on that one row
  ok   - one rule, counted twice, not once on each of two rows
  ok   - no phantom project from the exec pipe
  ok   - no phantom project from the do pipe
  ok   - exactly one project row (rows: 1)
  ok   - report (--md) has one section: ## proj
  ok   - --project proj finds the folded row
  ok   - --project proj keeps the exec catch in it
  ok   - --project proj is not a pipe-label match
  ok   - --json names the project once, without a surface
  ok   - --json carries one project object (n: 1)
  ok   - a colonless label stays the project name
  ok   - a missing pipe is still the unknown bucket
  ok   - an exec-only project is one row under its own name
  ok   - the exec-only row keeps no surface
  ok   - three labels, three rows (rows: 3)
stats: 74 passed, 0 failed
----- stats_test.sh exit: 0 -----
===== trace_test.sh =====
trace: a refusal is a caught step
  ok   - the throwaway repo has no remote (`git remote` is empty)
  ok   - with rabadon absent, git itself refuses the push (rc=128) — a missed block reaches nothing
  ok   - rabadon-gate REFUSED the force-push (exit 2) — the ledger below is a real refusal
  ok   - rabadon-sandbox REFUSED the same command (exit 2)
  ok   - rabadon-gate in WATCH mode did NOT stop the command (exit 0)
  ok   - the two real binaries wrote 2 refused runs: ex-26049328-21658, ng-26049326-21657
  ok   - neither refused run contains a STEP_START — this IS the shape trace could not read
  ok   - `rabadon trace ex-26049328-21658` renders CAUGHT 1 over a {CHECK_FAIL, STOP} run
  ok   - the rule that fired is named in the render (baseline-force-push)
  ok   - the check's own why is rendered
  ok   - the caught step is drawn as a step, named 'exec'
  ok   - no repair is invented: nothing was proposed, so nothing was rejected
  ok   - the render says the action was refused before it ran
  ok   - the header names the surface the refusal came through (exec) and says no model call
  ok   - the header prices no model call it never made
  ok   - the footer verdict reads BLOCKED, the reason the STOP carries
  ok   - `rabadon trace ng-26049326-21657` renders CAUGHT 1 over a {CHECK_FAIL, STOP} run
  ok   - the rule that fired is named in the render (baseline-force-push)
  ok   - the check's own why is rendered
  ok   - the caught step is drawn as a step, named 'Bash'
  ok   - no repair is invented: nothing was proposed, so nothing was rejected
  ok   - the render says the action was refused before it ran
  ok   - the header names the surface the refusal came through (session) and says no model call
  ok   - the header prices no model call it never made
  ok   - the footer verdict reads BLOCKED, the reason the STOP carries
  ok   - `rabadon usage` counts 2 refused before they happened (json and the printed line agree)
  ok   - `rabadon export --otlp` ships 4 ERROR spans = 2 refusals x {CHECK_FAIL, STOP}
  ok   - every exported refusal carries the rule id as its span status message
  ok   - trace CAUGHT (2) == usage refused (2) == export refusal spans (2)
  ok   - watch mode wrote {CHECK_FAIL, WOULD_BLOCK} and no STOP — the shape with the opposite meaning
  ok   - trace counts CAUGHT 0 for a watch verdict, exactly as usage counts refused 0
  ok   - the watch verdict is rendered as WOULD BLOCK 1, the same 1 usage reports as wouldRefuse
  ok   - the watch render says the action ran and nothing was stopped
  ok   - the watch render makes no claim that the action was prevented
  ok   - the watch render still names the rule that fired
  ok   - the routed renderer draws a step that failed its check and never came back as CAUGHT
  ok   - ...and does NOT draw it as proven cheap / passed
  --- 32 ok, 0 failed
trace: the saved: line, over real repair events
  ok   - last-repaired: the real loop wrote CHECK_FAIL + REPAIR_OK over a 1-step plan, 1 step(s) OK
  ok   - last-rejected: the real loop wrote CHECK_FAIL + REPAIR_FAIL over a 1-step plan, 0 step(s) OK
  ok   - later-repaired: the real loop wrote CHECK_FAIL + REPAIR_OK over a 3-step plan, 3 step(s) OK
  ok   - later-rejected: the real loop wrote CHECK_FAIL + REPAIR_FAIL over a 3-step plan, 0 step(s) OK
  ok   - no-repair: the loop wrote a catch and ZERO REPAIR_OK/REPAIR_FAIL (RUN_START,STEP_START,STEP_TRY,CHECK_FAIL,STOP,RUN_DONE)
  ok   - both: the real loop wrote CHECK_FAIL + REPAIR_FAIL+REPAIR_OK over a 3-step plan, 3 step(s) OK
  ok   - last-repaired: the footer counts REPAIRED 1
  ok   - later-repaired: the footer counts REPAIRED 1
  ok   - last-rejected: the footer counts FAKE FIX REJECTED 1
  ok   - later-rejected: the footer counts FAKE FIX REJECTED 1
  ok   - both: the footer counts REPAIRED 1
  ok   - both: the footer counts FAKE FIX REJECTED 1
  ok   - no-repair: the footer counts REPAIRED 0
  ok   - last-rejected: the rejected repair is drawn as a fake fix -> REPAIR_FAIL, which is what the ledger says
  ok   - later-rejected: the rejected repair is drawn as a fake fix -> REPAIR_FAIL, which is what the ledger says
  ok   - later-repaired: the saved: line names the steps that really follow the catch (steps 2–3)
  ok   - later-rejected: the saved: line names the steps that really follow the catch (steps 2–3)
  ok   - both: the saved: line names the steps that really follow the catch (steps 2–3)
  ok   - both: a refused attempt followed by a proven repair is not reported as a STOP
  ok   - later-rejected: the run that really stopped still says its steps NEVER ran
  ok   - both: the line reports both halves — the refusal and the repair that passed
  ok   - last-repaired: with nothing after the catch the line says step 1 of 1, not a range
  ok   - last-rejected: with nothing after the catch the line says step 1 of 1, not a range
  ok   - both: every step range printed runs forwards
  ok   - last-rejected: every step range printed runs forwards
  ok   - last-repaired: every step range printed runs forwards
  ok   - later-rejected: every step range printed runs forwards
  ok   - later-repaired: every step range printed runs forwards
  ok   - no-repair: every step range printed runs forwards
  ok   - both: every step number on screen (1,2,3) is a step this 3-step run really had
  ok   - last-rejected: every step number on screen (1) is a step this 1-step run really had
  ok   - last-repaired: every step number on screen (1) is a step this 1-step run really had
  ok   - later-rejected: every step number on screen (1,2,3) is a step this 3-step run really had
  ok   - later-repaired: every step number on screen (1,2,3) is a step this 3-step run really had
  ok   - no-repair: every step number on screen (1) is a step this 1-step run really had
  ok   - no-repair: 'fake fix' never appears — nothing was proposed, so nothing is reported
  ok   - no-repair: 'REPAIR_FAIL' never appears — nothing was proposed, so nothing is reported
  ok   - no-repair: 'repaired' never appears — nothing was proposed, so nothing is reported
  ok   - no-repair: 'step 10' never appears — nothing was proposed, so nothing is reported
  --- 39 ok, 0 failed
trace: the A/B saving is refused over a ledger that lost a line
  ok   - (J1) over the intact ledger the saving is claimed, and it is $0.6000 kept (30%)
  ok   - (J1) ...and nothing on an intact ledger is called unreconciled
  ok   - (J2) one line in the .unchained sibling and the saving is refused, not recomputed
  ok   - (J2) ...and the words "kept" and the 80% claim are nowhere on screen
  ok   - (J2) ...while the two arms themselves still render, marked, not hidden
  ok   - (J2b) --run reads the sibling too and STILL refuses — reading bytes is not folding them
  ok   - (J3) a sidecar committing more lines than the file holds also refuses the claim
  ok   - (K) the day ledger renders even when the sibling wins the mtime tie
  ok   - (K2) the sibling is not rendered as a ledger of its own
  --- 14 ok, 0 failed (shell arm)
----- trace_test.sh exit: 0 -----
===== lens_test.sh =====
fixture written
ok    fixture: exit 0, clean stderr
ok    fixture: known session in/out/cache/tokens/$cost/tools/dur all exact
ok    fixture: iterations + toolUseResult traps correctly ignored
ok    fixture: unknown model renders $cost as ? (tokens still counted)
ok    fixture: TOTAL aggregates tokens/cost/tools + NAMES the unpriced model
ok    single-file source: one .jsonl argument = one session
ok    missing source: exit 0, clean stderr, '(no sessions...)'
corpus: 9 transcripts
ok    corpus: 9 generated transcripts across 3 projects
ok    corpus: 8/8 sessions — lens tokens == canonical message.usage (byte-exact)
ok    no source given: lens resolves $HOME/.claude/projects — the temp one — and reads the corpus
ok    the real ~/.claude is never named: nothing in this suite reads it
ok    corpus walk: TOTAL 1268832 tokens == canonical sum over all 9 transcripts
ok    corpus walk: all 3 project dirs represented in the rows
ok    corpus walk: silent stderr over a truncated transcript and a blank line

lens_test: 14 ok, 0 bad
----- lens_test.sh exit: 0 -----
===== usage_order_test.sh =====
usage order: the meter reads real transcript key order
  ok   - the probe compiles against the real meter (native/usage.h)
  ok   - a real transcript line is one billable call
  ok   - the compact stream shape still counts
  ok   - whitespace around the top-level type still counts
  ok   - a toolUseResult line is not a billable call
  ok   - a quoted assistant line inside user text is not a call
  ok   - quoted numbers inside a real call are not summed
  ok   - a mixed transcript counts exactly the billable lines
  SKIP - no real transcript on this machine (clean container); fixtures above still hold
usage order: 8 passed, 0 failed
----- usage_order_test.sh exit: 0 -----
===== regression_demo.sh =====
  baseline (correct code):
  ok   - shallow gate passes on good code
  ok   - behavior gate passes on good code
  after a behavior-breaking edit:
  ok   - shallow gate MISSES the regression (waves the broken edit through)
  ok   - rabadon behavior gate CATCHES the regression via the project's own tests

  what rabadon reports (the failing test is named):
    FAIL testsuite [node --test]: the project's own suite is RED (exit 1)
    # fail 1

regression: 4 passed, 0 failed
----- regression_demo.sh exit: 0 -----
===== precision_test.sh =====
== rabadon gate precision ==
cases: 34   correct block: 11   wrong block: 0   missed: 0   correct allow: 23

wrong blocks (work this gate would have cut):

missed (harm this gate would have let through):

precision 100.0%  (a refusal is the right refusal this often)
recall    100.0%  (real harm the gate actually stops)
floor     90%

rule families (each negative needs a live positive above it):
  ok   baseline-force-push: 1 must-block (1 still blocking), 0 must-not-block
  ok   baseline-rm-rf-outside: 1 must-block (1 still blocking), 2 must-not-block
  ok   no-force-push-main: 3 must-block (3 still blocking), 10 must-not-block
  ok   no-hard-reset-main: 1 must-block (1 still blocking), 1 must-not-block
  ok   no-rm-rf-outside: 1 must-block (1 still blocking), 0 must-not-block
  ok   no-rm-rf-outside-project: 1 must-block (1 still blocking), 9 must-not-block
  ok   no-wrangler-deploy: 3 must-block (3 still blocking), 1 must-not-block
canaries intact after judging 34 commands (judging is not running): ok

PASS
----- precision_test.sh exit: 0 -----
===== site_claims_test.sh =====
site claims — a number with no command behind it is a slogan

1. the sources the site names
  ok    native/rabadon-stats exists
  ok    native/precision_fixture.jsonl exists
  ok    site/measured.json: every entry names a script that exists

2. the overview is built, not typed
  ok    site/index.tmpl.html exists
  ok    no measured number left in the template's headline stats
  FAIL  site/build.py failed
        Traceback (most recent call last):
          File "/w/site/build.py", line 2003, in <module>
            main()
          File "/w/site/build.py", line 1937, in main
            prs = pull_requests()
                  ^^^^^^^^^^^^^^^
          File "/w/site/build.py", line 277, in pull_requests
            out = sh(["gh", "search", "prs", "--author", "@me", "--limit", "100", "--json",
                  ^^^^^^^^^^^^^^^^^^^^^^^^^^^^^^^^^^^^^^^^^^^^^^^^^^^^^^^^^^^^^^^^^^^^^^^^^
          File "/w/site/build.py", line 139, in sh
            return subprocess.run(args, capture_output=True, text=True, check=False)
                   ^^^^^^^^^^^^^^^^^^^^^^^^^^^^^^^^^^^^^^^^^^^^^^^^^^^^^^^^^^^^^^^^^
          File "/usr/lib/python3.11/subprocess.py", line 548, in run
            with Popen(*popenargs, **kwargs) as process:
                 ^^^^^^^^^^^^^^^^^^^^^^^^^^^
          File "/usr/lib/python3.11/subprocess.py", line 1024, in __init__
            self._execute_child(args, executable, preexec_fn, close_fds,
          File "/usr/lib/python3.11/subprocess.py", line 1901, in _execute_child
            raise child_exception_type(errno_num, err_msg, err_filename)
        FileNotFoundError: [Errno 2] No such file or directory: 'gh'
  FAIL  site/build.py produced no /tmp/tmp.5JkyZQogKq/index.html — the checks below would pass on an empty tree
  ok    no unfilled placeholder in the rendered index.html

3. two pages, one number
Traceback (most recent call last):
  File "<stdin>", line 37, in <module>
  File "<stdin>", line 14, in first_stat
FileNotFoundError: [Errno 2] No such file or directory: '/tmp/tmp.5JkyZQogKq/index.html'
        
  FAIL  the overview disagrees with the page built from the same source

4. the README counts its own lines
  ok    README says ~20k, native/ measures 23279 lines

  pass 7   fail 3
  site claims: RED
----- site_claims_test.sh exit: 1 -----
===== field_redaction_test.sh =====
field redaction — a truncated home path is still a home path

1. what reached the published file
  ok    wrote the published file
  ok    no '/tmp/tmp.9J92AufEmC/alicewonder' in the published file
  ok    no '/tmp/tmp.9J92AufEmC/alicewon' in the published file
  ok    no 'alicewonder' in the published file
  ok    no 'alicewond' in the published file
  ok    no '/Users/' in the published file
  ok    no '/home/' in the published file
  ok    the record with nothing to hide was published unchanged
  ok    every published line is valid JSON

2. the refusal still works when redaction cannot reach
  ok    a session named after the account did not leak it

  10 passed, 0 failed
----- field_redaction_test.sh exit: 0 -----
===== publish_redaction_test.sh =====
1. the scanner can go red
  ok    a leaky directory is reported (exit 1)
  ok    the home path is found, with the file named
  ok    the withheld name is found and counted
  ok    the clean file is not reported — this is a scanner, not a refusal to publish
  ok    .vercelignore decides the scan set, so it cannot silently widen what is served
2. the census generator redacts at the point of generation
  ok    site/rule_census.py --republish ran (exit 0)
  ok    no absolute home path in what it wrote
  ok    no withheld project name in what it wrote
  ok    3 records withheld and COUNTED, survivors rewritten to ~, measured headline unchanged
  ok    the unredacted census is kept outside site/ as the next run's baseline
  ok    the full census is mode 600
  ok    the scanner agrees with the generator on the file it just wrote
  ok    the write is refused on anything redaction did not reach
3. the ledger extractor withholds by the same rule, from the same module
  ok    2 of 3 records withheld: site/field.jsonl: 3 records in, 1 published, 2 withheld (2 sensitive project name)
  ok    the re-emitted field file carries neither name nor home path
field.withheld=2
  ok    the count is published, not just applied
4. an empty terms list matches NOTHING
rules=4 withheld=0
  ok    no terms file: every record published, nothing withheld
  ok    home paths are still rewritten with no terms list at all
5. a project key is an absolute path, and is redacted as one
  ok    the encoded key is rewritten, refused when foreign, and matched against the terms
  ok    the extractor publishes records labelled with an encoded key (exit 0)
  ok    both records survive, relabelled (no project) and rabadon, with no account name left
  ok    the scanner reads the key spelling too, and finds nothing
6. the real site/ carries neither, and the page's claim is backed by a count
        (no terms file on this machine: the name check has nothing to look for.
         the home-path check below still holds. /root/.rabadon/redact/projects.txt)
        (the account this runs as is 'root', a generic CI account name that
         occurs in ordinary prose. Counting it would report the word, not a
         leak. The absolute-path and project-key checks below still hold, and
         they are the ones that would catch a real operator path.)
  FAIL  published artifacts under /w/site carry what may not be published:
          rule_census.json: 1 project key(s) carrying the home path
  ok    the page claims records are dropped and counted, and both published files state the count
7. a CI account name is a dictionary word, and is not a leak
        (the account this runs as is 'runner', a generic CI account name that
         occurs in ordinary prose. Counting it would report the word, not a
         leak. The absolute-path and project-key checks below still hold, and
         they are the ones that would catch a real operator path.)
  ok    the word 'runner' in prose is not reported as an account name
        (the account this runs as is 'runner', a generic CI account name that
         occurs in ordinary prose. Counting it would report the word, not a
         leak. The absolute-path and project-key checks below still hold, and
         they are the ones that would catch a real operator path.)
  ok    the absolute home path is still reported under a generic account
  ok    and the file carrying it is still named
  ok    a distinctive account name on its own is still a finding

publish redaction: 27 passed, 1 failed
----- publish_redaction_test.sh exit: 1 -----
===== publish_test.sh =====
publish — the deploy is not the publish; the alias is

1. the alias is set to the same deployment id the deploy printed
  ok    the first publish succeeded (exit 0)
  ok    alias points at https://rabadon-dep1k7q-nosey-dewdrops-projects.vercel.app — the deployment this run created
  ok    vercel alias set was called with that url and the domain
  ok    the aliased deployment carries would_block=41

1b. the same run with the alias step deleted must be caught
  ok    the un-aliased publish is rejected (exit 1)
  ok    it names the step that failed: verify
  ok    the domain is provably still on the older deployment
  ok    the failure is written to the log, not only to stdout

2. a second run with an unchanged ledger does not deploy
  ok    vercel was not invoked once (3 calls before and after)
  ok    the no-op run still exits 0
  ok    it says 'no change' rather than going quiet
  ok    the skipped run is on the log too — silence is not an answer
  ok    a non-field number changing under it does not trigger a deploy
  ok    a note inside a field.* key changing does not trigger a deploy either
  ok    the volatile note really is in the file the trigger reads (fixture is honest)

2b. the census on the same page is inside the trigger, and its clock is not
  ok    re-running the census and getting the same answer does not deploy
  ok    the census answer moving from 411 to 425 does deploy

3. a changed ledger does deploy
  ok    vercel was invoked (2 calls: deploy and alias)
  ok    the alias moved to the new deployment
  ok    it reports the number it published (77)
  ok    the log line carries the deployment url

4. two concurrent runs, one publish
  ok    a held lock stops the run before any deploy
  ok    the blocked run exits 0 quietly, not as an error
  ok    it says who is holding it
  ok    two concurrent runs produced at most one deploy+alias pair (2 vercel calls)
  ok    the loser says it stood down
  ok    both exit 0 — losing a lock race is not a failure
  ok    the lock is released when the run ends

5. what it is allowed to commit
  ok    it published with another session mid-edit (exit 0)
  ok    the commit touches nothing outside site/ (site/field.html site/field.jsonl site/index.html site/measured.json )
  ok    site/build.py is under site/ and was still left alone
  ok    the other session's three edits are still uncommitted, where it left them
  ok    the commit message names what it is (lowercase, no co-author line)
  ok    no co-author trailer
  ok    the commit reached origin (a normal push, no force)

6. gh unreachable does not publish an empty pull-requests page
  ok    the previous pull-requests page was kept rather than published empty
  ok    and it said so in the log

7. the log
  ok    14 lines, one per run
  ok    every line starts with an unambiguous utc timestamp
  ok    published, no change and FAILED are all distinguishable in one file
  ok    each published line carries the deployment url it aliased

8. a push that fails does not stop the publish, and is not swallowed either
  ok    the site was published anyway — the alias moved
  ok    and the run still exits non-zero (exit 1)
  ok    the line names the step that failed: push
  ok    the log carries it too
  ok    the commit is still in the local history, waiting for the next push

  46 passed, 0 failed
----- publish_test.sh exit: 0 -----
===== field_census_test.sh =====
field census — a rule that was written and is not there is not a rule

OK   all three authoring events are still listed
OK   rule-that-lives          live=True
OK   rule-in-a-nested-repo    live=True
OK   rule-that-never-landed   live=False
OK   a guard two directories down was found and attributed
OK   field.rules_live = 2 of 3
OK   field.rules_written still counts every authoring event
  ok    the census separates written from live

  1 passed, 0 failed
----- field_census_test.sh exit: 0 -----
===== claims_test.sh =====
claims — every number is asked which run produced it

  ok    the honest report passes (exit 0)
  ok    it names the number it checked

  ok    the fabricated twin is caught (exit 1)
  ok    it names the command that never ran
  ok    it names the number that has nothing behind it
  ok    the backed number in the same file is still reported

  ok    a number with no command at all is caught (exit 1)
  ok    it names the unsourced number

  ok    a command longer than the clip still matches its ledger line

  ok    the verdict states the limit: output is not on the ledger
  ok    --json reports the unbacked count and every claim

7. a citation is the command, not the whole line the shell ran
  ok    a citation that heads a longer ledger line is backed
  ok    a bare program name does not match every line starting with it

  13 passed, 0 failed
----- claims_test.sh exit: 0 -----
===== fd_dup_test.sh =====
fd duplication — 2>&1 is a descriptor, not a file

1. these must pass
  ok    cd /w/.fdtest-23617/other && git status 2>&1
  ok    cd /w/.fdtest-23617/other && make test 2>&1 | tail -5
  ok    cd /w/.fdtest-23617/other && ls >&2
  ok    cd /w/.fdtest-23617/other && ls &> /dev/null
  ok    cd /w/.fdtest-23617/other && ls 1>&2
  ok    cd /w/.fdtest-23617/other && ls 2>&-
  ok    git -C /w/.fdtest-23617/other status 2>&1

2. these must still be refused
  ok    refused: cd /w/.fdtest-23617/other && > ROADMAP.md
  ok    refused: cd /w/.fdtest-23617/other && echo x > ROADMAP.md
  ok    refused: cd /w/.fdtest-23617/other && echo x > ./1
  ok    refused: cd /w/.fdtest-23617/other && echo x 2> ROADMAP.md

  11 passed, 0 failed
----- fd_dup_test.sh exit: 0 -----
===== sock_path_test.sh =====
  ok   - (a) nothing is delivered to the truncated socket path
  ok   - (b) the reason is on stderr — the caller can tell this from 'no watcher'
  ok   - (c) the gate still ran and exited cleanly (rc=0) — spool-only, not dead

sock_path_test: 3 ok
----- sock_path_test.sh exit: 0 -----
===== day_cache_test.sh =====
day cache: one timezone load per process, still the right day
  ok   - the probe compiles against the real gate (gate.cpp, main renamed)
  ok   - the probe compared 4808 timestamps against the uncached computation
  ok   - every one agreed with gmtime_r+strftime
  ok   - midnight flips the string: 2024-12-31 -> 2025-01-01, asked in reverse order
  ok   - the live call answers today's UTC date (2026-08-26), same as `date -u +%F`
  ok   - 100k repeat calls cost 701us total (<100000us): the timezone load happened once
  ok   - a forked child's FIRST call cost 2us (<50us): it inherited the warm cache
day cache: 7 passed, 0 failed
----- day_cache_test.sh exit: 0 -----
===== mode_wrong_test.sh =====
mode + wrong refusal — the two events the ledger was not keeping

1. switching supervision on and off is recorded
  ok    three changes, three lines (and --status wrote none)
  ok    each line carries what the mode was and what it became
  ok    the command still says the mode out loud

2. a refusal that was wrong can be written down
  ok    rabadon wrong exits 0
  ok    one wrong refusal, one line
  ok    it names the rule and the reason it was wrong
  ok    a rule with no reason is refused

3. both are inside the tamper-evident chain
  ok    every new line carries prev and seq like the rest of the ledger
  ok    rabadon audit still verifies the spool

  9 passed, 0 failed
----- mode_wrong_test.sh exit: 0 -----
===== guard_subdir_test.sh =====
guard reach — a project's law holds in the whole project

1. at the project root (this already held)
  ok    refused at root: git add -A
  ok    refused at root: wrangler deploy

2. from a subdirectory, where an agent actually works
  ok    refused in engine: git add -A
  ok    refused in engine: wrangler deploy
  ok    refused in engine/deep: git add -A
  ok    refused in engine/deep: wrangler deploy
  ok    refused in engine/deep/deeper: git add -A
  ok    refused in engine/deep/deeper: wrangler deploy

3. the file rules travel with it
  ok    refused a generated file from a subdirectory

4. the walk stops at the project
  ok    a different repository does not inherit this project's rules

5. the allow twins still pass, at the root and below
  ok    honest work still passes in /
  ok    honest work still passes in /engine/deep

6. a project that is not a git repository at all
  ok    refused in / of a non-git project
  ok    refused in /sub of a non-git project
  ok    refused in /sub/deeper of a non-git project
  ok    the twin still passes in a non-git project

  16 passed, 0 failed
----- guard_subdir_test.sh exit: 0 -----
===== rule_census_test.sh =====
rule census — four ways a rule that lints can still never fire

1. the pipe: a pattern that spells \| is matched against a surface a pipe cannot be in
  ok   - the pipe rule fires on the line it was written for
  ok   - the exit-code rule fires on the line it was written for
  ok   - the left half alone is an ordinary command -> allowed
  ok   - the right half alone is an ordinary command -> allowed

2. redirections: does the surface a deny regex reads still carry > and >>?
  ok   - a truncating redirect at the named file -> refused by no-truncating-write
  ok   - an appending redirect at the named file -> refused by no-truncating-write
  ok   - the tee spelling -> refused by no-truncating-write
  ok   - an unrelated file -> allowed

3. protectedPaths: the rule is written relative, the event carries absolute
  ok   - the ^-anchored relative rule fires on the absolute path Claude Code sends
  ok   - the absolute path is caught, by whichever rule is first
  ok   - the ^-anchored rule DOES fire on a relative spelling (which nothing sends) -> refused by anchored-relative

4. guard reach: a session standing one directory below the project root
  ok   - at the project root the rule holds -> refused by reach-no-yarn
  ok   - one directory down the rule still holds
  ok   - two directories down the rule still holds

5. judging is not running
  ok   - the home canary survived
  ok   - the delete fixture survived every probe above
  ok   - the guards on disk are unmodified by judging

  pass 17   fail 0
  rule census: GREEN (no mechanism found)
----- rule_census_test.sh exit: 0 -----
===== identity_test.sh =====
identity: a label is collapsed for an identity reason, or not at all
  ok   - an ordinary project name is a project, unchanged
  ok   - the :session suffix is a pipe spelling, not part of the name
  ok   - an underscore is a real directory character and is NOT rewritten
  ok   - a dot INSIDE a name is part of the name
  ok   - a name that resembles nothing on any list survives as a name
  ok   - an UNKNOWN label stays a project name: the fail-safe direction is 'in front of a human'
  ok   - a space becomes a dash: two spellings of one project collapse
  ok   - and the same for the second one
  ok   - leading, trailing and repeated whitespace all normalise
  ok   - the marker itself stays the marker
  ok   - what a scrub left behind is residue, not a second project
  ok   - wherever in the label the marker lands
  ok   - (lab) re-resolves to itself
  ok   - (no project) re-resolves to itself
  ok   - a record with no project recorded says so
  ok   - and so does an empty label
  ok   - the home directory is not a project
  ok   - and it is not one in the spelling an unhomed path leaves either
  ok   - a dot-directory is configuration, not a project
  ok   - including a dotted probe tree
  ok   - the system scratch area is not a project
  ok   - a probe tree with an mktemp suffix
  ok   - and the other probe family
  ok   - the bench harness's twelve scratch repos
  ok   - mktemp's own spelling
  ok   - the repair harness's scratch repository
  ok   - the demo
  ok   - a public repo visited to be measured keeps its name
  ok   - a label the committed list speaks for, with its evidence beside it
  ok   - a label resolves through the list it is actually given
  ok   - and NOT through a list that does not name it — no rule is baked into the code
  ok   - with an empty list every structural rule still holds and nothing else collapses
  ok   - every line of site/non-projects.txt parses as <lab|none> <label>
  ok   - the committed list is 4 entries — small enough that every one can be argued
  ok   - every entry has its evidence written above it
  ok   - a guard's identity is the directory it lives in, not the name it declares
  ok   - five labels resolve to three identities — the module answers, it does not pass through
identity: 37 passed, 0 failed
----- identity_test.sh exit: 0 -----
